customername,totalvisityear,lastvisitday,lastvisitmonth,lastvisitweekday,lastvisitdate,previousvisitday,previousvisitmonth,previousvisitweekday,previousvisitdate,visits_in_month,visit_gap,predicted_gap,predicted_next_visitdate
cus1,35,Friday,1,4,2025-01-24,Saturday,12,5,2024-12-21,3,34,34,2025-02-27
cus2,55,Tuesday,4,1,2025-04-15,Monday,3,0,2025-03-03,4,43,32,2025-05-17
cus3,38,Thursday,4,3,2025-04-17,Monday,2,0,2025-02-24,4,52,50,2025-06-06
cus4,84,Monday,4,0,2025-04-14,Saturday,3,5,2025-03-15,6,30,30,2025-05-14
cus5,56,Wednesday,5,2,2025-05-14,Friday,4,4,2025-04-25,8,19,21,2025-06-04
cus6,96,Friday,2,4,2025-02-21,Sunday,12,6,2024-12-29,10,54,53,2025-04-15
cus7,38,Saturday,4,5,2025-04-26,Saturday,3,5,2025-03-01,9,56,42,2025-06-07
cus8,75,Wednesday,5,2,2025-05-14,Friday,3,4,2025-03-21,6,54,53,2025-07-06
cus9,21,Tuesday,3,1,2025-03-11,Wednesday,1,2,2025-01-22,8,48,46,2025-04-26
cus10,25,Wednesday,5,2,2025-05-14,Thursday,4,3,2025-04-24,3,20,25,2025-06-08
cus11,8,Saturday,1,5,2025-01-25,Friday,11,4,2024-11-29,8,57,49,2025-03-15
cus12,34,Wednesday,1,2,2025-01-22,Friday,12,4,2024-12-13,5,40,37,2025-02-28
cus13,31,Sunday,3,6,2025-03-02,Friday,1,4,2025-01-31,1,30,35,2025-04-06
cus14,82,Tuesday,3,1,2025-03-18,Sunday,2,6,2025-02-23,2,23,27,2025-04-14
cus15,64,Sunday,4,6,2025-04-20,Friday,4,4,2025-04-04,7,16,14,2025-05-04
cus16,27,Monday,5,0,2025-05-12,Saturday,3,5,2025-03-29,6,44,48,2025-06-29
cus17,49,Saturday,2,5,2025-02-15,Wednesday,1,2,2025-01-01,4,45,36,2025-03-23
cus18,48,Sunday,3,6,2025-03-23,Monday,3,0,2025-03-10,2,13,13,2025-04-05
cus19,64,Sunday,4,6,2025-04-06,Saturday,2,5,2025-02-08,1,57,54,2025-05-30
cus20,8,Wednesday,1,2,2025-01-08,Sunday,11,6,2024-11-10,8,59,57,2025-03-06
cus21,7,Friday,1,4,2025-01-24,Saturday,1,5,2025-01-11,7,13,15,2025-02-08
cus22,31,Monday,3,0,2025-03-03,Saturday,2,5,2025-02-15,10,16,22,2025-03-25
cus23,91,Sunday,5,6,2025-05-18,Sunday,4,6,2025-04-27,6,21,23,2025-06-10
cus24,6,Wednesday,1,2,2025-01-15,Sunday,11,6,2024-11-17,7,59,52,2025-03-08
cus25,37,Thursday,3,3,2025-03-20,Sunday,2,6,2025-02-16,10,32,31,2025-04-20
cus26,34,Saturday,1,5,2025-01-04,Saturday,12,5,2024-12-21,3,14,35,2025-02-08
cus27,88,Thursday,1,3,2025-01-09,Tuesday,11,1,2024-11-19,4,51,52,2025-03-02
cus28,26,Tuesday,3,1,2025-03-18,Saturday,2,5,2025-02-08,8,38,35,2025-04-22
cus29,98,Thursday,3,3,2025-03-27,Friday,1,4,2025-01-31,10,55,54,2025-05-20
cus30,97,Thursday,4,3,2025-04-17,Tuesday,2,1,2025-02-18,9,58,55,2025-06-11
cus31,82,Thursday,4,3,2025-04-10,Tuesday,3,1,2025-03-04,2,37,36,2025-05-16
cus32,12,Thursday,5,3,2025-05-22,Monday,5,0,2025-05-12,7,10,12,2025-06-03
cus33,96,Wednesday,1,2,2025-01-15,Wednesday,1,2,2025-01-01,8,14,14,2025-01-29
cus34,28,Wednesday,3,2,2025-03-05,Tuesday,1,1,2025-01-28,10,36,41,2025-04-15
cus35,54,Tuesday,1,1,2025-01-14,Monday,12,0,2024-12-02,5,43,37,2025-02-20
cus36,64,Sunday,1,6,2025-01-05,Tuesday,11,1,2024-11-26,1,40,42,2025-02-16
cus37,30,Saturday,2,5,2025-02-15,Thursday,1,3,2025-01-23,8,23,31,2025-03-18
cus38,98,Friday,3,4,2025-03-07,Thursday,1,3,2025-01-16,6,50,46,2025-04-22
cus39,47,Sunday,5,6,2025-05-18,Wednesday,4,2,2025-04-02,6,46,39,2025-06-26
cus40,56,Friday,1,4,2025-01-17,Saturday,12,5,2024-12-14,3,34,28,2025-02-14
cus41,34,Saturday,5,5,2025-05-10,Thursday,3,3,2025-03-27,7,44,48,2025-06-27
cus42,98,Tuesday,2,1,2025-02-11,Sunday,1,6,2025-01-19,5,23,32,2025-03-15
cus43,67,Monday,2,0,2025-02-24,Friday,1,4,2025-01-17,1,38,36,2025-04-01
cus44,79,Monday,2,0,2025-02-24,Wednesday,1,2,2025-01-15,5,40,33,2025-03-29
cus45,64,Tuesday,5,1,2025-05-27,Saturday,5,5,2025-05-17,9,10,20,2025-06-16
cus46,75,Thursday,1,3,2025-01-23,Friday,12,4,2024-12-13,4,41,34,2025-02-26
cus47,60,Monday,1,0,2025-01-20,Friday,12,4,2024-12-06,7,45,39,2025-02-28
cus48,45,Thursday,3,3,2025-03-27,Monday,1,0,2025-01-27,3,59,55,2025-05-21
cus49,16,Friday,3,4,2025-03-21,Sunday,2,6,2025-02-23,7,26,29,2025-04-19
cus50,57,Saturday,4,5,2025-04-19,Monday,3,0,2025-03-31,5,19,24,2025-05-13
cus51,70,Sunday,5,6,2025-05-25,Tuesday,4,1,2025-04-22,6,33,34,2025-06-28
cus52,15,Monday,3,0,2025-03-03,Saturday,2,5,2025-02-01,1,30,31,2025-04-03
cus53,48,Friday,3,4,2025-03-14,Sunday,2,6,2025-02-16,3,26,34,2025-04-17
cus54,11,Sunday,2,6,2025-02-02,Wednesday,12,2,2024-12-18,6,46,48,2025-03-22
cus55,25,Friday,4,4,2025-04-18,Sunday,3,6,2025-03-02,1,47,31,2025-05-19
cus56,14,Sunday,1,6,2025-01-12,Saturday,12,5,2024-12-07,9,36,24,2025-02-05
cus57,15,Monday,1,0,2025-01-20,Saturday,11,5,2024-11-23,5,58,53,2025-03-14
cus58,59,Friday,4,4,2025-04-04,Monday,3,0,2025-03-03,1,32,31,2025-05-05
cus59,37,Sunday,4,6,2025-04-20,Monday,3,0,2025-03-31,4,20,25,2025-05-15
cus60,94,Friday,3,4,2025-03-14,Sunday,2,6,2025-02-09,5,33,34,2025-04-17
cus61,9,Saturday,4,5,2025-04-26,Saturday,3,5,2025-03-01,10,56,26,2025-05-22
cus62,87,Sunday,3,6,2025-03-09,Saturday,2,5,2025-02-15,8,22,24,2025-04-02
cus63,87,Friday,5,4,2025-05-02,Wednesday,4,2,2025-04-23,7,9,18,2025-05-20
cus64,100,Tuesday,4,1,2025-04-22,Monday,3,0,2025-03-31,3,22,29,2025-05-21
cus65,84,Tuesday,5,1,2025-05-13,Saturday,3,5,2025-03-22,10,52,53,2025-07-05
cus66,26,Wednesday,4,2,2025-04-16,Friday,3,4,2025-03-14,10,33,27,2025-05-13
cus67,37,Tuesday,3,1,2025-03-18,Saturday,1,5,2025-01-18,4,59,54,2025-05-11
cus68,78,Tuesday,3,1,2025-03-11,Saturday,1,5,2025-01-25,1,45,45,2025-04-25
cus69,31,Saturday,4,5,2025-04-12,Monday,3,0,2025-03-03,6,40,32,2025-05-14
cus70,43,Friday,2,4,2025-02-21,Sunday,2,6,2025-02-02,8,19,22,2025-03-15
cus71,67,Saturday,2,5,2025-02-08,Thursday,1,3,2025-01-09,10,30,33,2025-03-13
cus72,57,Sunday,5,6,2025-05-04,Friday,4,4,2025-04-25,5,9,19,2025-05-23
cus73,27,Wednesday,5,2,2025-05-21,Monday,4,0,2025-04-28,8,23,25,2025-06-15
cus74,75,Saturday,1,5,2025-01-25,Sunday,12,6,2024-12-08,1,48,43,2025-03-09
cus75,8,Saturday,5,5,2025-05-17,Thursday,3,3,2025-03-20,2,58,53,2025-07-09
cus76,55,Tuesday,4,1,2025-04-01,Thursday,3,3,2025-03-13,3,19,28,2025-04-29
cus77,48,Saturday,5,5,2025-05-03,Sunday,3,6,2025-03-09,1,55,48,2025-06-20
cus78,6,Tuesday,1,1,2025-01-28,Saturday,12,5,2024-12-14,3,45,42,2025-03-11
cus79,20,Thursday,2,3,2025-02-20,Thursday,1,3,2025-01-09,10,42,28,2025-03-20
cus80,15,Monday,3,0,2025-03-24,Thursday,1,3,2025-01-23,5,60,56,2025-05-19
cus81,68,Thursday,3,3,2025-03-13,Sunday,3,6,2025-03-02,2,11,13,2025-03-26
cus82,11,Monday,1,0,2025-01-13,Wednesday,12,2,2024-12-11,7,33,34,2025-02-16
cus83,86,Wednesday,2,2,2025-02-19,Tuesday,1,1,2025-01-14,7,36,31,2025-03-22
cus84,15,Monday,4,0,2025-04-07,Tuesday,2,1,2025-02-25,4,41,45,2025-05-22
cus85,21,Saturday,3,5,2025-03-15,Sunday,3,6,2025-03-02,2,13,15,2025-03-30
cus86,31,Tuesday,3,1,2025-03-11,Thursday,1,3,2025-01-23,6,47,47,2025-04-27
cus87,58,Thursday,1,3,2025-01-02,Wednesday,12,2,2024-12-18,5,15,35,2025-02-06
cus88,45,Wednesday,1,2,2025-01-08,Wednesday,12,2,2024-12-04,2,35,34,2025-02-11
cus89,32,Monday,1,0,2025-01-27,Sunday,12,6,2024-12-15,6,43,28,2025-02-24
cus90,6,Friday,3,4,2025-03-07,Tuesday,2,1,2025-02-04,6,31,30,2025-04-06
cus91,86,Tuesday,3,1,2025-03-11,Monday,1,0,2025-01-27,2,43,46,2025-04-26
cus92,38,Tuesday,5,1,2025-05-13,Tuesday,3,1,2025-03-18,2,56,56,2025-07-08
cus93,68,Friday,1,4,2025-01-03,Tuesday,12,1,2024-12-03,4,31,32,2025-02-04
cus94,51,Saturday,4,5,2025-04-12,Thursday,2,3,2025-02-20,4,51,51,2025-06-02
cus95,60,Sunday,2,6,2025-02-09,Wednesday,1,2,2025-01-22,2,18,24,2025-03-05
cus96,89,Tuesday,5,1,2025-05-20,Monday,4,0,2025-04-14,1,36,34,2025-06-23
cus97,77,Friday,1,4,2025-01-24,Sunday,12,6,2024-12-08,7,47,27,2025-02-20
cus98,27,Saturday,3,5,2025-03-15,Saturday,2,5,2025-02-15,5,28,31,2025-04-15
cus99,68,Thursday,5,3,2025-05-15,Tuesday,5,1,2025-05-06,8,9,11,2025-05-26
cus100,37,Wednesday,3,2,2025-03-05,Sunday,2,6,2025-02-09,7,24,31,2025-04-05
cus101,68,Thursday,3,3,2025-03-27,Sunday,2,6,2025-02-16,9,39,35,2025-05-01
cus102,60,Monday,5,0,2025-05-26,Wednesday,4,2,2025-04-09,10,47,43,2025-07-08
cus103,12,Saturday,1,5,2025-01-11,Friday,11,4,2024-11-22,2,50,50,2025-03-02
cus104,32,Thursday,4,3,2025-04-24,Sunday,4,6,2025-04-13,7,11,10,2025-05-04
cus105,20,Friday,3,4,2025-03-14,Tuesday,2,1,2025-02-11,3,31,32,2025-04-15
cus106,84,Friday,1,4,2025-01-24,Thursday,11,3,2024-11-28,1,57,56,2025-03-21
cus107,91,Sunday,1,6,2025-01-26,Thursday,11,3,2024-11-28,2,59,57,2025-03-24
cus108,11,Monday,5,0,2025-05-26,Monday,4,0,2025-04-07,8,49,29,2025-06-24
cus109,83,Monday,2,0,2025-02-10,Thursday,12,3,2024-12-12,5,60,57,2025-04-08
cus110,82,Monday,3,0,2025-03-17,Sunday,2,6,2025-02-02,8,43,37,2025-04-23
cus111,36,Monday,1,0,2025-01-06,Friday,11,4,2024-11-29,9,38,55,2025-03-02
cus112,34,Wednesday,4,2,2025-04-09,Sunday,2,6,2025-02-23,9,45,46,2025-05-25
cus113,11,Monday,5,0,2025-05-19,Thursday,4,3,2025-04-17,4,32,28,2025-06-16
cus114,96,Tuesday,3,1,2025-03-04,Tuesday,1,1,2025-01-07,5,56,54,2025-04-27
cus115,92,Thursday,3,3,2025-03-20,Tuesday,1,1,2025-01-28,7,51,53,2025-05-12
cus116,44,Sunday,4,6,2025-04-06,Friday,2,4,2025-02-21,5,44,48,2025-05-24
cus117,82,Friday,1,4,2025-01-24,Monday,12,0,2024-12-16,9,39,36,2025-03-01
cus118,93,Thursday,2,3,2025-02-27,Tuesday,12,1,2024-12-31,3,58,56,2025-04-24
cus119,65,Saturday,4,5,2025-04-05,Thursday,3,3,2025-03-06,6,30,31,2025-05-06
cus120,30,Saturday,2,5,2025-02-01,Thursday,12,3,2024-12-05,3,58,54,2025-03-27
cus121,73,Monday,1,0,2025-01-27,Monday,12,0,2024-12-30,1,28,29,2025-02-25
cus122,86,Tuesday,3,1,2025-03-04,Wednesday,1,2,2025-01-15,1,48,46,2025-04-19
cus123,35,Saturday,2,5,2025-02-22,Tuesday,1,1,2025-01-21,1,32,30,2025-03-24
cus124,78,Monday,1,0,2025-01-27,Monday,1,0,2025-01-20,5,7,9,2025-02-05
cus125,97,Wednesday,4,2,2025-04-23,Thursday,4,3,2025-04-10,10,13,13,2025-05-06
cus126,21,Friday,4,4,2025-04-25,Tuesday,3,1,2025-03-18,1,38,35,2025-05-30
cus127,70,Tuesday,5,1,2025-05-20,Saturday,3,5,2025-03-29,2,52,53,2025-07-12
cus128,45,Saturday,5,5,2025-05-24,Saturday,4,5,2025-04-26,8,28,27,2025-06-20
cus129,99,Monday,2,0,2025-02-24,Sunday,1,6,2025-01-12,5,43,39,2025-04-04
cus130,78,Friday,3,4,2025-03-14,Thursday,2,3,2025-02-27,9,15,18,2025-04-01
cus131,9,Wednesday,3,2,2025-03-19,Tuesday,2,1,2025-02-11,2,36,34,2025-04-22
cus132,32,Friday,2,4,2025-02-28,Sunday,1,6,2025-01-26,7,33,35,2025-04-04
cus133,76,Monday,2,0,2025-02-10,Friday,12,4,2024-12-20,5,52,52,2025-04-03
cus134,25,Thursday,2,3,2025-02-27,Thursday,1,3,2025-01-16,6,42,34,2025-04-02
cus135,28,Tuesday,2,1,2025-02-18,Friday,12,4,2024-12-20,10,60,60,2025-04-19
cus136,15,Friday,5,4,2025-05-02,Saturday,4,5,2025-04-05,2,27,28,2025-05-30
cus137,50,Wednesday,4,2,2025-04-09,Friday,2,4,2025-02-28,6,40,52,2025-05-31
cus138,52,Tuesday,5,1,2025-05-27,Saturday,3,5,2025-03-29,9,59,51,2025-07-17
cus139,46,Monday,3,0,2025-03-17,Monday,2,0,2025-02-17,7,28,29,2025-04-15
cus140,97,Wednesday,2,2,2025-02-12,Monday,12,0,2024-12-23,1,51,44,2025-03-28
cus141,16,Monday,2,0,2025-02-10,Wednesday,1,2,2025-01-22,2,19,22,2025-03-04
cus142,46,Monday,2,0,2025-02-10,Saturday,12,5,2024-12-14,2,58,51,2025-04-02
cus143,61,Saturday,3,5,2025-03-15,Thursday,2,3,2025-02-13,5,30,27,2025-04-11
cus144,68,Saturday,3,5,2025-03-01,Friday,1,4,2025-01-03,10,57,52,2025-04-22
cus145,60,Wednesday,1,2,2025-01-15,Monday,11,0,2024-11-18,9,58,53,2025-03-09
cus146,72,Thursday,1,3,2025-01-09,Monday,11,0,2024-11-25,2,45,44,2025-02-22
cus147,32,Friday,1,4,2025-01-24,Monday,1,0,2025-01-13,4,11,9,2025-02-02
cus148,70,Tuesday,5,1,2025-05-13,Wednesday,4,2,2025-04-02,3,41,33,2025-06-15
cus149,45,Tuesday,3,1,2025-03-25,Tuesday,2,1,2025-02-04,3,49,38,2025-05-02
cus150,31,Friday,1,4,2025-01-24,Sunday,12,6,2024-12-22,4,33,28,2025-02-21
cus151,19,Monday,1,0,2025-01-13,Sunday,1,6,2025-01-05,4,8,12,2025-01-25
cus152,92,Thursday,2,3,2025-02-20,Saturday,1,5,2025-01-18,5,33,31,2025-03-23
cus153,90,Wednesday,2,2,2025-02-26,Tuesday,2,1,2025-02-11,4,15,15,2025-03-13
cus154,59,Thursday,1,3,2025-01-16,Saturday,11,5,2024-11-23,6,54,50,2025-03-07
cus155,100,Saturday,3,5,2025-03-01,Tuesday,1,1,2025-01-21,9,39,42,2025-04-12
cus156,43,Wednesday,3,2,2025-03-19,Monday,1,0,2025-01-20,1,58,56,2025-05-14
cus157,16,Saturday,4,5,2025-04-19,Saturday,4,5,2025-04-12,7,7,13,2025-05-02
cus158,8,Saturday,3,5,2025-03-22,Tuesday,1,1,2025-01-28,2,53,53,2025-05-14
cus159,75,Tuesday,2,1,2025-02-04,Saturday,1,5,2025-01-04,9,31,29,2025-03-05
cus160,83,Wednesday,4,2,2025-04-23,Wednesday,3,2,2025-03-19,7,35,33,2025-05-26
cus161,10,Monday,5,0,2025-05-05,Thursday,3,3,2025-03-27,4,39,42,2025-06-16
cus162,80,Sunday,5,6,2025-05-04,Saturday,3,5,2025-03-08,5,57,52,2025-06-25
cus163,17,Tuesday,2,1,2025-02-18,Friday,1,4,2025-01-24,4,25,25,2025-03-15
cus164,11,Wednesday,4,2,2025-04-02,Tuesday,2,1,2025-02-04,7,57,55,2025-05-27
cus165,48,Saturday,4,5,2025-04-26,Thursday,3,3,2025-03-20,5,37,33,2025-05-29
cus166,35,Friday,5,4,2025-05-02,Wednesday,4,2,2025-04-23,9,9,14,2025-05-16
cus167,25,Saturday,1,5,2025-01-18,Tuesday,11,1,2024-11-26,10,53,51,2025-03-10
cus168,82,Saturday,5,5,2025-05-10,Sunday,4,6,2025-04-20,3,20,23,2025-06-02
cus169,33,Sunday,3,6,2025-03-02,Saturday,2,5,2025-02-01,10,29,23,2025-03-25
cus170,36,Saturday,3,5,2025-03-08,Tuesday,2,1,2025-02-25,10,11,17,2025-03-25
cus171,48,Saturday,1,5,2025-01-04,Thursday,11,3,2024-11-28,9,37,42,2025-02-15
cus172,63,Sunday,2,6,2025-02-16,Saturday,12,5,2024-12-28,2,50,49,2025-04-06
cus173,14,Friday,1,4,2025-01-10,Monday,11,0,2024-11-18,3,53,52,2025-03-03
cus174,76,Monday,1,0,2025-01-13,Tuesday,12,1,2024-12-24,4,20,27,2025-02-09
cus175,51,Tuesday,4,1,2025-04-22,Saturday,3,5,2025-03-08,8,45,25,2025-05-17
cus176,25,Sunday,5,6,2025-05-18,Tuesday,4,1,2025-04-22,2,26,24,2025-06-11
cus177,39,Thursday,3,3,2025-03-20,Monday,2,0,2025-02-24,8,24,29,2025-04-18
cus178,91,Saturday,5,5,2025-05-03,Sunday,3,6,2025-03-23,8,41,41,2025-06-13
cus179,46,Thursday,4,3,2025-04-17,Wednesday,4,2,2025-04-09,6,8,14,2025-05-01
cus180,30,Wednesday,4,2,2025-04-09,Thursday,2,3,2025-02-13,8,55,51,2025-05-30
cus181,29,Monday,4,0,2025-04-21,Tuesday,3,1,2025-03-25,2,27,29,2025-05-20
cus182,19,Tuesday,5,1,2025-05-06,Saturday,3,5,2025-03-29,3,38,41,2025-06-16
cus183,100,Monday,1,0,2025-01-20,Saturday,11,5,2024-11-30,10,51,50,2025-03-11
cus184,88,Tuesday,2,1,2025-02-18,Saturday,1,5,2025-01-25,5,24,27,2025-03-17
cus185,26,Friday,3,4,2025-03-21,Monday,2,0,2025-02-10,10,39,30,2025-04-20
cus186,76,Thursday,2,3,2025-02-06,Thursday,1,3,2025-01-16,6,21,25,2025-03-03
cus187,22,Monday,4,0,2025-04-07,Sunday,3,6,2025-03-09,2,29,31,2025-05-08
cus188,95,Thursday,4,3,2025-04-24,Thursday,4,3,2025-04-03,6,21,19,2025-05-13
cus189,56,Thursday,2,3,2025-02-20,Wednesday,1,2,2025-01-08,10,43,38,2025-03-30
cus190,44,Thursday,4,3,2025-04-03,Saturday,3,5,2025-03-22,5,12,24,2025-04-27
cus191,32,Wednesday,3,2,2025-03-12,Monday,1,0,2025-01-27,10,44,44,2025-04-25
cus192,77,Thursday,4,3,2025-04-24,Tuesday,3,1,2025-03-18,2,37,36,2025-05-30
cus193,63,Tuesday,5,1,2025-05-20,Tuesday,4,1,2025-04-08,6,42,38,2025-06-27
cus194,35,Saturday,3,5,2025-03-08,Tuesday,1,1,2025-01-14,9,53,48,2025-04-25
cus195,51,Tuesday,1,1,2025-01-28,Monday,12,0,2024-12-30,9,29,30,2025-02-27
cus196,14,Monday,4,0,2025-04-14,Friday,3,4,2025-03-28,5,17,24,2025-05-08
cus197,84,Wednesday,2,2,2025-02-19,Tuesday,1,1,2025-01-21,1,29,30,2025-03-21
cus198,96,Sunday,5,6,2025-05-25,Thursday,5,3,2025-05-01,3,24,22,2025-06-16
cus199,17,Friday,1,4,2025-01-10,Sunday,12,6,2024-12-29,2,12,24,2025-02-03
cus200,77,Monday,5,0,2025-05-12,Wednesday,4,2,2025-04-16,10,26,36,2025-06-17
cus201,13,Thursday,2,3,2025-02-06,Tuesday,12,1,2024-12-17,9,51,45,2025-03-23
cus202,26,Monday,4,0,2025-04-21,Friday,3,4,2025-03-28,1,24,26,2025-05-17
cus203,34,Thursday,4,3,2025-04-10,Saturday,3,5,2025-03-22,9,19,25,2025-05-05
cus204,19,Sunday,2,6,2025-02-02,Thursday,1,3,2025-01-23,4,10,17,2025-02-19
cus205,89,Saturday,3,5,2025-03-15,Thursday,2,3,2025-02-13,6,30,27,2025-04-11
cus206,11,Saturday,4,5,2025-04-26,Wednesday,4,2,2025-04-16,7,10,14,2025-05-10
cus207,100,Saturday,1,5,2025-01-11,Sunday,11,6,2024-11-17,8,55,51,2025-03-03
cus208,31,Monday,5,0,2025-05-12,Friday,4,4,2025-04-11,1,31,31,2025-06-12
cus209,56,Monday,4,0,2025-04-14,Saturday,3,5,2025-03-29,2,16,31,2025-05-15
cus210,71,Tuesday,1,1,2025-01-07,Friday,11,4,2024-11-08,5,60,53,2025-03-01
cus211,66,Sunday,4,6,2025-04-20,Thursday,3,3,2025-03-06,8,45,26,2025-05-16
cus212,6,Tuesday,4,1,2025-04-01,Friday,2,4,2025-02-28,10,32,34,2025-05-05
cus213,99,Sunday,2,6,2025-02-23,Wednesday,1,2,2025-01-29,8,25,25,2025-03-20
cus214,41,Tuesday,4,1,2025-04-15,Friday,2,4,2025-02-21,3,53,52,2025-06-06
cus215,50,Saturday,1,5,2025-01-04,Tuesday,11,1,2024-11-26,8,39,41,2025-02-14
cus216,18,Monday,2,0,2025-02-03,Wednesday,12,2,2024-12-11,5,54,47,2025-03-22
cus217,54,Sunday,5,6,2025-05-04,Tuesday,4,1,2025-04-08,3,26,26,2025-05-30
cus218,70,Wednesday,1,2,2025-01-15,Tuesday,12,1,2024-12-03,2,43,37,2025-02-21
cus219,94,Monday,5,0,2025-05-26,Saturday,4,5,2025-04-19,9,37,32,2025-06-27
cus220,11,Friday,3,4,2025-03-28,Thursday,2,3,2025-02-13,7,43,37,2025-05-04
cus221,51,Tuesday,3,1,2025-03-04,Tuesday,2,1,2025-02-11,8,21,28,2025-04-01
cus222,97,Tuesday,2,1,2025-02-04,Sunday,1,6,2025-01-12,4,23,35,2025-03-11
cus223,88,Friday,3,4,2025-03-28,Monday,3,0,2025-03-03,10,25,24,2025-04-21
cus224,10,Sunday,1,6,2025-01-19,Thursday,1,3,2025-01-09,3,10,11,2025-01-30
cus225,66,Tuesday,2,1,2025-02-25,Friday,1,4,2025-01-17,2,39,34,2025-03-31
cus226,57,Saturday,3,5,2025-03-08,Friday,1,4,2025-01-24,4,43,43,2025-04-20
cus227,89,Sunday,5,6,2025-05-11,Sunday,5,6,2025-05-04,7,7,9,2025-05-20
cus228,18,Monday,3,0,2025-03-17,Saturday,1,5,2025-01-18,2,58,54,2025-05-10
cus229,65,Friday,5,4,2025-05-02,Sunday,3,6,2025-03-23,3,40,43,2025-06-14
cus230,5,Thursday,5,3,2025-05-22,Tuesday,3,1,2025-03-25,4,58,56,2025-07-17
cus231,65,Sunday,5,6,2025-05-18,Tuesday,3,1,2025-03-25,3,54,52,2025-07-09
cus232,29,Thursday,5,3,2025-05-15,Wednesday,4,2,2025-04-23,9,22,21,2025-06-05
cus233,69,Monday,5,0,2025-05-05,Saturday,4,5,2025-04-12,2,23,28,2025-06-02
cus234,90,Friday,3,4,2025-03-14,Monday,2,0,2025-02-17,3,25,31,2025-04-14
cus235,70,Thursday,5,3,2025-05-01,Sunday,4,6,2025-04-06,6,25,26,2025-05-27
cus236,75,Thursday,4,3,2025-04-24,Friday,4,4,2025-04-11,1,13,20,2025-05-14
cus237,87,Monday,4,0,2025-04-21,Thursday,2,3,2025-02-27,8,53,53,2025-06-13
cus238,17,Tuesday,2,1,2025-02-11,Friday,1,4,2025-01-10,8,32,27,2025-03-10
cus239,53,Friday,2,4,2025-02-21,Friday,1,4,2025-01-03,8,49,41,2025-04-03
cus240,26,Saturday,3,5,2025-03-15,Thursday,2,3,2025-02-13,1,30,27,2025-04-11
cus241,91,Thursday,4,3,2025-04-17,Saturday,4,5,2025-04-05,10,12,14,2025-05-01
cus242,99,Saturday,4,5,2025-04-05,Sunday,2,6,2025-02-16,5,48,50,2025-05-25
cus243,9,Wednesday,2,2,2025-02-19,Saturday,2,5,2025-02-08,2,11,14,2025-03-05
cus244,14,Saturday,2,5,2025-02-22,Thursday,1,3,2025-01-02,9,51,43,2025-04-06
cus245,39,Sunday,4,6,2025-04-06,Wednesday,3,2,2025-03-12,7,25,32,2025-05-08
cus246,49,Saturday,3,5,2025-03-08,Tuesday,2,1,2025-02-25,1,11,21,2025-03-29
cus247,96,Wednesday,4,2,2025-04-23,Saturday,3,5,2025-03-29,6,25,24,2025-05-17
cus248,40,Friday,5,4,2025-05-09,Thursday,3,3,2025-03-13,5,57,45,2025-06-23
cus249,73,Wednesday,5,2,2025-05-21,Wednesday,4,2,2025-04-30,8,21,23,2025-06-13
cus250,94,Thursday,5,3,2025-05-08,Wednesday,4,2,2025-04-09,3,29,28,2025-06-05
cus251,85,Wednesday,2,2,2025-02-19,Tuesday,2,1,2025-02-04,10,15,14,2025-03-05
cus252,73,Saturday,5,5,2025-05-24,Friday,5,4,2025-05-02,6,22,21,2025-06-14
cus253,50,Saturday,2,5,2025-02-01,Tuesday,12,1,2024-12-17,5,46,48,2025-03-21
cus254,97,Sunday,1,6,2025-01-05,Friday,12,4,2024-12-27,6,9,14,2025-01-19
cus255,74,Monday,3,0,2025-03-24,Thursday,3,3,2025-03-06,7,18,12,2025-04-05
cus256,91,Saturday,2,5,2025-02-15,Thursday,12,3,2024-12-19,7,58,56,2025-04-12
cus257,76,Saturday,3,5,2025-03-01,Saturday,1,5,2025-01-04,6,56,45,2025-04-15
cus258,22,Wednesday,1,2,2025-01-01,Sunday,11,6,2024-11-10,2,52,50,2025-02-20
cus259,60,Monday,3,0,2025-03-24,Monday,2,0,2025-02-24,6,28,31,2025-04-24
cus260,53,Tuesday,2,1,2025-02-25,Sunday,1,6,2025-01-12,8,44,38,2025-04-04
cus261,70,Wednesday,4,2,2025-04-23,Wednesday,3,2,2025-03-26,4,28,35,2025-05-28
cus262,71,Tuesday,4,1,2025-04-15,Monday,4,0,2025-04-07,5,8,20,2025-05-05
cus263,13,Friday,5,4,2025-05-09,Tuesday,3,1,2025-03-18,4,52,52,2025-06-30
cus264,84,Monday,4,0,2025-04-14,Sunday,3,6,2025-03-09,6,36,34,2025-05-18
cus265,41,Friday,1,4,2025-01-03,Monday,11,0,2024-11-18,5,46,47,2025-02-19
cus266,22,Thursday,3,3,2025-03-13,Tuesday,2,1,2025-02-04,1,37,33,2025-04-15
cus267,79,Sunday,5,6,2025-05-18,Friday,3,4,2025-03-28,5,51,50,2025-07-07
cus268,60,Thursday,5,3,2025-05-22,Thursday,3,3,2025-03-27,9,56,48,2025-07-09
cus269,57,Saturday,2,5,2025-02-01,Monday,1,0,2025-01-13,4,19,22,2025-02-23
cus270,14,Friday,2,4,2025-02-14,Friday,1,4,2025-01-17,5,28,30,2025-03-16
cus271,47,Sunday,5,6,2025-05-11,Thursday,4,3,2025-04-24,3,17,18,2025-05-29
cus272,65,Saturday,3,5,2025-03-01,Saturday,2,5,2025-02-08,10,21,25,2025-03-26
cus273,9,Sunday,5,6,2025-05-04,Friday,4,4,2025-04-25,9,9,14,2025-05-18
cus274,39,Wednesday,5,2,2025-05-14,Monday,4,0,2025-04-14,10,30,28,2025-06-11
cus275,33,Tuesday,5,1,2025-05-20,Friday,5,4,2025-05-02,8,18,14,2025-06-03
cus276,30,Friday,3,4,2025-03-28,Friday,2,4,2025-02-07,9,49,29,2025-04-26
cus277,89,Sunday,1,6,2025-01-26,Sunday,1,6,2025-01-19,3,7,9,2025-02-04
cus278,63,Wednesday,3,2,2025-03-12,Monday,2,0,2025-02-17,6,23,33,2025-04-14
cus279,84,Saturday,2,5,2025-02-15,Friday,1,4,2025-01-10,1,36,35,2025-03-22
cus280,9,Wednesday,5,2,2025-05-07,Friday,3,4,2025-03-21,5,47,48,2025-06-24
cus281,67,Monday,4,0,2025-04-07,Thursday,2,3,2025-02-13,9,53,51,2025-05-28
cus282,59,Thursday,4,3,2025-04-17,Friday,2,4,2025-02-21,3,55,50,2025-06-06
cus283,28,Sunday,5,6,2025-05-04,Sunday,3,6,2025-03-09,3,56,52,2025-06-25
cus284,42,Monday,3,0,2025-03-24,Friday,2,4,2025-02-21,4,31,30,2025-04-23
cus285,12,Thursday,4,3,2025-04-10,Tuesday,2,1,2025-02-18,7,51,52,2025-06-01
cus286,25,Friday,5,4,2025-05-16,Friday,3,4,2025-03-28,1,49,46,2025-07-01
cus287,63,Tuesday,4,1,2025-04-01,Friday,2,4,2025-02-14,4,46,50,2025-05-21
cus288,45,Friday,3,4,2025-03-14,Tuesday,2,1,2025-02-18,2,24,27,2025-04-10
cus289,7,Thursday,3,3,2025-03-06,Sunday,1,6,2025-01-05,10,60,56,2025-05-01
cus290,57,Monday,5,0,2025-05-26,Friday,4,4,2025-04-18,1,38,30,2025-06-25
cus291,60,Tuesday,5,1,2025-05-27,Tuesday,4,1,2025-04-08,10,49,43,2025-07-09
cus292,34,Friday,4,4,2025-04-18,Saturday,3,5,2025-03-08,3,41,33,2025-05-21
cus293,44,Saturday,5,5,2025-05-24,Monday,4,0,2025-04-21,6,33,27,2025-06-20
cus294,86,Saturday,5,5,2025-05-10,Saturday,5,5,2025-05-03,5,7,14,2025-05-24
cus295,89,Tuesday,5,1,2025-05-27,Saturday,5,5,2025-05-03,9,24,17,2025-06-13
cus296,52,Tuesday,2,1,2025-02-18,Friday,1,4,2025-01-10,10,39,35,2025-03-25
cus297,53,Friday,4,4,2025-04-18,Saturday,4,5,2025-04-05,8,13,17,2025-05-05
cus298,57,Thursday,2,3,2025-02-06,Tuesday,1,1,2025-01-14,1,23,26,2025-03-04
cus299,23,Saturday,5,5,2025-05-03,Wednesday,3,2,2025-03-26,9,38,49,2025-06-21
cus300,43,Wednesday,4,2,2025-04-16,Sunday,3,6,2025-03-30,9,17,23,2025-05-09
cus301,65,Wednesday,5,2,2025-05-28,Monday,3,0,2025-03-31,10,58,56,2025-07-23
cus302,37,Saturday,3,5,2025-03-22,Sunday,2,6,2025-02-09,3,41,35,2025-04-26
cus303,7,Tuesday,4,1,2025-04-08,Sunday,3,6,2025-03-30,9,9,11,2025-04-19
cus304,23,Monday,2,0,2025-02-24,Wednesday,2,2,2025-02-12,1,12,11,2025-03-07
cus305,58,Monday,2,0,2025-02-03,Friday,12,4,2024-12-27,8,38,46,2025-03-21
cus306,100,Thursday,5,3,2025-05-15,Wednesday,3,2,2025-03-19,4,57,55,2025-07-09
cus307,39,Sunday,5,6,2025-05-04,Friday,3,4,2025-03-28,3,37,42,2025-06-15
cus308,56,Sunday,4,6,2025-04-06,Friday,3,4,2025-03-28,4,9,28,2025-05-04
cus309,31,Tuesday,5,1,2025-05-06,Wednesday,4,2,2025-04-02,9,34,30,2025-06-05
cus310,95,Sunday,5,6,2025-05-11,Wednesday,4,2,2025-04-02,7,39,30,2025-06-10
cus311,10,Thursday,4,3,2025-04-17,Tuesday,3,1,2025-03-25,3,23,34,2025-05-21
cus312,48,Monday,2,0,2025-02-03,Thursday,1,3,2025-01-02,4,32,32,2025-03-07
cus313,56,Monday,1,0,2025-01-27,Friday,12,4,2024-12-27,8,31,32,2025-02-28
cus314,50,Saturday,2,5,2025-02-22,Tuesday,1,1,2025-01-14,2,39,33,2025-03-27
cus315,99,Wednesday,4,2,2025-04-02,Tuesday,3,1,2025-03-25,4,8,26,2025-04-28
cus316,12,Friday,5,4,2025-05-23,Monday,5,0,2025-05-12,8,11,10,2025-06-02
cus317,66,Monday,3,0,2025-03-17,Friday,2,4,2025-02-14,9,31,31,2025-04-17
cus318,34,Wednesday,3,2,2025-03-19,Saturday,2,5,2025-02-01,8,46,34,2025-04-22
cus319,10,Wednesday,2,2,2025-02-19,Tuesday,1,1,2025-01-21,6,29,26,2025-03-17
cus320,41,Wednesday,2,2,2025-02-05,Friday,12,4,2024-12-27,1,40,48,2025-03-25
cus321,61,Sunday,5,6,2025-05-25,Sunday,5,6,2025-05-04,7,21,18,2025-06-12
cus322,68,Sunday,1,6,2025-01-05,Wednesday,12,2,2024-12-18,7,18,35,2025-02-09
cus323,12,Wednesday,5,2,2025-05-28,Friday,4,4,2025-04-18,2,40,36,2025-07-03
cus324,23,Wednesday,2,2,2025-02-19,Monday,12,0,2024-12-23,7,58,52,2025-04-12
cus325,70,Wednesday,5,2,2025-05-21,Tuesday,4,1,2025-04-22,4,29,28,2025-06-18
cus326,66,Friday,4,4,2025-04-11,Thursday,3,3,2025-03-20,4,22,26,2025-05-07
cus327,80,Thursday,5,3,2025-05-15,Friday,4,4,2025-04-25,5,20,23,2025-06-07
cus328,96,Friday,1,4,2025-01-10,Thursday,12,3,2024-12-05,10,36,24,2025-02-03
cus329,63,Friday,1,4,2025-01-03,Saturday,11,5,2024-11-16,3,48,45,2025-02-17
cus330,80,Wednesday,1,2,2025-01-08,Friday,12,4,2024-12-13,3,26,28,2025-02-05
cus331,66,Monday,1,0,2025-01-27,Friday,12,4,2024-12-06,5,52,45,2025-03-13
cus332,45,Thursday,1,3,2025-01-16,Friday,11,4,2024-11-29,3,48,48,2025-03-05
cus333,90,Thursday,2,3,2025-02-27,Friday,1,4,2025-01-17,5,41,30,2025-03-29
cus334,82,Thursday,3,3,2025-03-27,Monday,2,0,2025-02-03,8,52,43,2025-05-09
cus335,27,Wednesday,4,2,2025-04-02,Tuesday,2,1,2025-02-11,6,50,52,2025-05-24
cus336,7,Wednesday,1,2,2025-01-08,Saturday,12,5,2024-12-28,9,11,15,2025-01-23
cus337,10,Thursday,4,3,2025-04-17,Saturday,3,5,2025-03-22,7,26,22,2025-05-09
cus338,8,Monday,2,0,2025-02-17,Wednesday,12,2,2024-12-25,4,54,52,2025-04-10
cus339,46,Saturday,5,5,2025-05-03,Friday,4,4,2025-04-18,3,15,18,2025-05-21
cus340,80,Monday,4,0,2025-04-21,Thursday,3,3,2025-03-27,6,25,31,2025-05-22
cus341,75,Sunday,2,6,2025-02-23,Sunday,1,6,2025-01-26,9,28,30,2025-03-25
cus342,48,Friday,2,4,2025-02-21,Tuesday,1,1,2025-01-07,5,45,34,2025-03-27
cus343,94,Thursday,2,3,2025-02-20,Wednesday,1,2,2025-01-22,3,29,30,2025-03-22
cus344,23,Tuesday,1,1,2025-01-21,Friday,12,4,2024-12-06,2,46,40,2025-03-02
cus345,10,Friday,5,4,2025-05-02,Monday,3,0,2025-03-31,1,32,35,2025-06-06
cus346,94,Tuesday,4,1,2025-04-01,Friday,3,4,2025-03-14,2,18,21,2025-04-22
cus347,77,Tuesday,3,1,2025-03-04,Friday,1,4,2025-01-03,2,60,43,2025-04-16
cus348,19,Tuesday,5,1,2025-05-13,Tuesday,4,1,2025-04-29,3,14,19,2025-06-01
cus349,76,Saturday,5,5,2025-05-10,Sunday,4,6,2025-04-20,4,20,25,2025-06-04
cus350,45,Tuesday,3,1,2025-03-04,Saturday,2,5,2025-02-01,5,31,31,2025-04-04
cus351,45,Sunday,1,6,2025-01-05,Thursday,12,3,2024-12-12,2,24,26,2025-01-31
cus352,96,Thursday,3,3,2025-03-27,Monday,2,0,2025-02-03,2,52,31,2025-04-27
cus353,29,Sunday,2,6,2025-02-09,Wednesday,1,2,2025-01-01,7,39,36,2025-03-17
cus354,57,Friday,3,4,2025-03-21,Friday,2,4,2025-02-28,9,21,25,2025-04-15
cus355,17,Friday,1,4,2025-01-03,Sunday,11,6,2024-11-10,8,54,54,2025-02-26
cus356,55,Wednesday,3,2,2025-03-19,Friday,3,4,2025-03-07,7,12,12,2025-03-31
cus357,17,Friday,5,4,2025-05-02,Tuesday,3,1,2025-03-18,7,45,49,2025-06-20
cus358,90,Tuesday,3,1,2025-03-25,Saturday,1,5,2025-01-25,5,59,53,2025-05-17
cus359,11,Tuesday,2,1,2025-02-11,Friday,12,4,2024-12-20,6,53,54,2025-04-06
cus360,67,Monday,1,0,2025-01-06,Saturday,11,5,2024-11-09,4,58,54,2025-03-01
cus361,17,Thursday,3,3,2025-03-27,Monday,2,0,2025-02-03,10,52,41,2025-05-07
cus362,21,Friday,1,4,2025-01-03,Monday,12,0,2024-12-23,7,11,23,2025-01-26
cus363,13,Wednesday,2,2,2025-02-12,Friday,1,4,2025-01-17,8,26,27,2025-03-11
cus364,12,Friday,4,4,2025-04-18,Sunday,3,6,2025-03-09,7,40,27,2025-05-15
cus365,27,Monday,2,0,2025-02-03,Wednesday,1,2,2025-01-15,10,19,20,2025-02-23
cus366,60,Sunday,4,6,2025-04-06,Wednesday,2,2,2025-02-26,6,39,53,2025-05-29
cus367,34,Sunday,4,6,2025-04-27,Sunday,3,6,2025-03-16,5,42,37,2025-06-03
cus368,48,Tuesday,3,1,2025-03-04,Thursday,1,3,2025-01-23,6,40,46,2025-04-19
cus369,85,Tuesday,1,1,2025-01-28,Monday,1,0,2025-01-20,10,8,8,2025-02-05
cus370,98,Thursday,3,3,2025-03-20,Sunday,3,6,2025-03-02,3,18,17,2025-04-06
cus371,84,Sunday,4,6,2025-04-06,Wednesday,3,2,2025-03-05,6,32,37,2025-05-13
cus372,79,Thursday,2,3,2025-02-13,Tuesday,12,1,2024-12-31,10,44,53,2025-04-07
cus373,53,Sunday,5,6,2025-05-04,Thursday,3,3,2025-03-20,7,45,48,2025-06-21
cus374,52,Saturday,2,5,2025-02-08,Monday,1,0,2025-01-20,6,19,23,2025-03-03
cus375,14,Thursday,5,3,2025-05-08,Tuesday,3,1,2025-03-25,10,44,48,2025-06-25
cus376,36,Thursday,2,3,2025-02-13,Wednesday,12,2,2024-12-25,9,50,48,2025-04-02
cus377,11,Friday,5,4,2025-05-16,Wednesday,4,2,2025-04-30,2,16,21,2025-06-06
cus378,31,Tuesday,1,1,2025-01-14,Wednesday,12,2,2024-12-04,6,41,37,2025-02-20
cus379,7,Sunday,5,6,2025-05-04,Tuesday,4,1,2025-04-08,5,26,26,2025-05-30
cus380,6,Thursday,4,3,2025-04-03,Thursday,3,3,2025-03-06,5,28,30,2025-05-03
cus381,25,Wednesday,4,2,2025-04-09,Friday,3,4,2025-03-21,9,19,25,2025-05-04
cus382,80,Monday,4,0,2025-04-14,Thursday,2,3,2025-02-27,1,46,50,2025-06-03
cus383,87,Saturday,2,5,2025-02-22,Wednesday,1,2,2025-01-29,10,24,29,2025-03-23
cus384,57,Sunday,4,6,2025-04-20,Sunday,3,6,2025-03-23,5,28,30,2025-05-20
cus385,13,Thursday,2,3,2025-02-06,Sunday,1,6,2025-01-19,9,18,23,2025-03-01
cus386,8,Friday,4,4,2025-04-18,Monday,3,0,2025-03-03,10,46,41,2025-05-29
cus387,45,Saturday,3,5,2025-03-01,Thursday,2,3,2025-02-20,3,9,21,2025-03-22
cus388,33,Monday,2,0,2025-02-10,Monday,1,0,2025-01-20,6,21,22,2025-03-04
cus389,75,Tuesday,1,1,2025-01-28,Tuesday,12,1,2024-12-31,2,28,31,2025-02-28
cus390,95,Wednesday,4,2,2025-04-02,Thursday,3,3,2025-03-20,10,13,16,2025-04-18
cus391,17,Sunday,1,6,2025-01-19,Saturday,12,5,2024-12-21,10,29,30,2025-02-18
cus392,53,Tuesday,5,1,2025-05-13,Sunday,3,6,2025-03-23,10,51,51,2025-07-03
cus393,49,Monday,3,0,2025-03-17,Sunday,2,6,2025-02-09,9,36,33,2025-04-19
cus394,90,Saturday,4,5,2025-04-12,Saturday,3,5,2025-03-15,6,28,30,2025-05-12
cus395,40,Thursday,3,3,2025-03-13,Wednesday,2,2,2025-02-19,4,22,28,2025-04-10
cus396,79,Wednesday,5,2,2025-05-14,Wednesday,4,2,2025-04-16,10,28,31,2025-06-14
cus397,29,Sunday,1,6,2025-01-05,Thursday,12,3,2024-12-19,9,17,20,2025-01-25
cus398,85,Tuesday,3,1,2025-03-18,Friday,1,4,2025-01-31,9,46,45,2025-05-02
cus399,17,Sunday,2,6,2025-02-09,Tuesday,12,1,2024-12-31,5,40,42,2025-03-23
cus400,46,Tuesday,5,1,2025-05-13,Saturday,3,5,2025-03-15,1,59,54,2025-07-06
cus401,59,Saturday,5,5,2025-05-17,Monday,4,0,2025-04-28,5,19,20,2025-06-06
cus402,7,Sunday,3,6,2025-03-09,Sunday,2,6,2025-02-16,7,21,27,2025-04-05
cus403,44,Thursday,5,3,2025-05-01,Saturday,3,5,2025-03-15,9,47,47,2025-06-17
cus404,21,Thursday,3,3,2025-03-13,Friday,2,4,2025-02-14,4,27,28,2025-04-10
cus405,46,Tuesday,4,1,2025-04-22,Sunday,2,6,2025-02-23,5,58,53,2025-06-14
cus406,62,Sunday,2,6,2025-02-02,Saturday,1,5,2025-01-18,4,15,22,2025-02-24
cus407,16,Friday,5,4,2025-05-23,Tuesday,3,1,2025-03-25,2,59,54,2025-07-16
cus408,75,Friday,3,4,2025-03-07,Thursday,2,3,2025-02-27,7,8,21,2025-03-28
cus409,84,Tuesday,3,1,2025-03-04,Sunday,1,6,2025-01-05,10,58,53,2025-04-26
cus410,16,Saturday,5,5,2025-05-17,Friday,4,4,2025-04-04,6,43,33,2025-06-19
cus411,13,Monday,1,0,2025-01-20,Friday,11,4,2024-11-29,3,52,53,2025-03-14
cus412,63,Sunday,3,6,2025-03-02,Monday,2,0,2025-02-03,4,27,29,2025-03-31
cus413,45,Friday,3,4,2025-03-28,Thursday,1,3,2025-01-30,9,57,53,2025-05-20
cus414,5,Monday,4,0,2025-04-21,Sunday,3,6,2025-03-30,4,22,26,2025-05-17
cus415,61,Tuesday,2,1,2025-02-11,Monday,1,0,2025-01-06,7,36,29,2025-03-12
cus416,41,Tuesday,1,1,2025-01-14,Friday,12,4,2024-12-06,7,39,40,2025-02-23
cus417,19,Wednesday,3,2,2025-03-05,Tuesday,1,1,2025-01-28,4,36,39,2025-04-13
cus418,67,Friday,4,4,2025-04-04,Sunday,3,6,2025-03-23,9,12,21,2025-04-25
cus419,45,Sunday,1,6,2025-01-19,Saturday,1,5,2025-01-04,7,15,14,2025-02-02
cus420,63,Wednesday,5,2,2025-05-28,Wednesday,4,2,2025-04-16,1,42,35,2025-07-02
cus421,56,Thursday,2,3,2025-02-27,Monday,2,0,2025-02-17,6,10,12,2025-03-11
cus422,92,Monday,3,0,2025-03-17,Thursday,2,3,2025-02-13,9,32,29,2025-04-15
cus423,95,Monday,2,0,2025-02-17,Monday,2,0,2025-02-10,10,7,10,2025-02-27
cus424,92,Tuesday,3,1,2025-03-04,Friday,2,4,2025-02-14,3,18,24,2025-03-28
cus425,17,Wednesday,2,2,2025-02-05,Saturday,12,5,2024-12-07,9,60,56,2025-04-02
cus426,10,Tuesday,2,1,2025-02-11,Sunday,12,6,2024-12-15,8,58,54,2025-04-06
cus427,20,Tuesday,1,1,2025-01-28,Saturday,1,5,2025-01-04,6,24,21,2025-02-18
cus428,100,Sunday,3,6,2025-03-09,Wednesday,2,2,2025-02-12,5,25,27,2025-04-05
cus429,80,Tuesday,5,1,2025-05-13,Tuesday,4,1,2025-04-15,2,28,27,2025-06-09
cus430,65,Monday,3,0,2025-03-17,Wednesday,1,2,2025-01-29,10,47,45,2025-05-01
cus431,12,Tuesday,4,1,2025-04-01,Wednesday,3,2,2025-03-12,3,20,24,2025-04-25
cus432,24,Monday,4,0,2025-04-21,Tuesday,3,1,2025-03-04,8,48,39,2025-05-30
cus433,65,Friday,1,4,2025-01-10,Sunday,12,6,2024-12-22,8,19,24,2025-02-03
cus434,39,Tuesday,1,1,2025-01-28,Saturday,12,5,2024-12-28,7,31,33,2025-03-02
cus435,65,Tuesday,5,1,2025-05-20,Friday,4,4,2025-04-11,5,39,32,2025-06-21
cus436,51,Thursday,3,3,2025-03-20,Saturday,1,5,2025-01-25,9,54,56,2025-05-15
cus437,98,Wednesday,1,2,2025-01-22,Saturday,1,5,2025-01-11,6,11,14,2025-02-05
cus438,17,Tuesday,4,1,2025-04-08,Saturday,3,5,2025-03-22,6,17,19,2025-04-27
cus439,95,Sunday,4,6,2025-04-27,Thursday,4,3,2025-04-03,8,24,19,2025-05-16
cus440,51,Friday,3,4,2025-03-07,Tuesday,2,1,2025-02-04,6,31,31,2025-04-07
cus441,58,Wednesday,3,2,2025-03-19,Tuesday,1,1,2025-01-28,5,50,49,2025-05-07
cus442,74,Sunday,4,6,2025-04-06,Saturday,3,5,2025-03-15,6,22,30,2025-05-06
cus443,87,Sunday,1,6,2025-01-19,Thursday,12,3,2024-12-19,8,31,31,2025-02-19
cus444,52,Tuesday,1,1,2025-01-21,Monday,11,0,2024-11-25,10,57,56,2025-03-18
cus445,27,Monday,4,0,2025-04-28,Saturday,3,5,2025-03-15,3,44,33,2025-05-31
cus446,46,Friday,3,4,2025-03-21,Thursday,2,3,2025-02-20,7,29,28,2025-04-18
cus447,94,Tuesday,1,1,2025-01-21,Sunday,12,6,2024-12-29,1,23,25,2025-02-15
cus448,32,Thursday,5,3,2025-05-15,Thursday,5,3,2025-05-08,3,7,9,2025-05-24
cus449,5,Wednesday,1,2,2025-01-08,Thursday,12,3,2024-12-26,10,13,12,2025-01-20
cus450,8,Sunday,5,6,2025-05-11,Wednesday,4,2,2025-04-09,9,32,28,2025-06-08
cus451,65,Thursday,1,3,2025-01-23,Friday,11,4,2024-11-29,6,55,52,2025-03-16
cus452,81,Sunday,5,6,2025-05-11,Thursday,4,3,2025-04-03,6,38,30,2025-06-10
cus453,25,Thursday,1,3,2025-01-16,Friday,12,4,2024-12-27,6,20,28,2025-02-13
cus454,43,Thursday,4,3,2025-04-24,Friday,4,4,2025-04-11,5,13,11,2025-05-05
cus455,76,Sunday,1,6,2025-01-26,Monday,12,0,2024-12-16,4,41,38,2025-03-05
cus456,31,Monday,2,0,2025-02-03,Friday,12,4,2024-12-06,3,59,53,2025-03-28
cus457,37,Tuesday,3,1,2025-03-11,Wednesday,2,2,2025-02-05,4,34,31,2025-04-11
cus458,28,Monday,3,0,2025-03-24,Monday,2,0,2025-02-24,7,28,29,2025-04-22
cus459,94,Friday,2,4,2025-02-28,Monday,1,0,2025-01-20,1,39,38,2025-04-07
cus460,60,Friday,2,4,2025-02-14,Tuesday,12,1,2024-12-31,10,45,46,2025-04-01
cus461,44,Thursday,5,3,2025-05-15,Tuesday,3,1,2025-03-18,7,58,53,2025-07-07
cus462,76,Saturday,3,5,2025-03-08,Saturday,2,5,2025-02-08,10,28,26,2025-04-03
cus463,26,Saturday,2,5,2025-02-01,Thursday,12,3,2024-12-26,1,37,48,2025-03-21
cus464,54,Tuesday,3,1,2025-03-18,Monday,3,0,2025-03-10,5,8,13,2025-03-31
cus465,5,Tuesday,4,1,2025-04-15,Wednesday,3,2,2025-03-12,4,34,31,2025-05-16
cus466,75,Tuesday,5,1,2025-05-06,Tuesday,4,1,2025-04-22,4,14,21,2025-05-27
cus467,99,Tuesday,3,1,2025-03-04,Tuesday,1,1,2025-01-07,4,56,54,2025-04-27
cus468,41,Friday,1,4,2025-01-10,Monday,12,0,2024-12-16,6,25,30,2025-02-09
cus469,54,Sunday,3,6,2025-03-23,Tuesday,1,1,2025-01-28,4,54,49,2025-05-11
cus470,82,Saturday,2,5,2025-02-22,Friday,2,4,2025-02-07,8,15,13,2025-03-07
cus471,78,Friday,4,4,2025-04-18,Sunday,3,6,2025-03-09,1,40,39,2025-05-27
cus472,36,Tuesday,5,1,2025-05-06,Monday,4,0,2025-04-07,8,29,26,2025-06-01
cus473,75,Saturday,5,5,2025-05-24,Saturday,4,5,2025-04-12,6,42,33,2025-06-26
cus474,35,Monday,1,0,2025-01-27,Sunday,12,6,2024-12-01,9,57,51,2025-03-19
cus475,23,Wednesday,4,2,2025-04-23,Tuesday,3,1,2025-03-18,10,36,34,2025-05-27
cus476,78,Friday,3,4,2025-03-21,Sunday,2,6,2025-02-09,5,40,35,2025-04-25
cus477,98,Thursday,3,3,2025-03-20,Saturday,3,5,2025-03-08,3,12,14,2025-04-03
cus478,22,Thursday,5,3,2025-05-08,Thursday,3,3,2025-03-13,6,56,53,2025-06-30
cus479,19,Friday,1,4,2025-01-17,Sunday,12,6,2024-12-29,3,19,20,2025-02-06
cus480,93,Tuesday,4,1,2025-04-08,Sunday,2,6,2025-02-23,8,44,58,2025-06-05
cus481,31,Sunday,3,6,2025-03-02,Sunday,1,6,2025-01-19,1,42,42,2025-04-13
cus482,19,Saturday,1,5,2025-01-11,Saturday,11,5,2024-11-30,2,42,42,2025-02-22
cus483,85,Monday,3,0,2025-03-10,Friday,2,4,2025-02-21,5,17,25,2025-04-04
cus484,87,Monday,3,0,2025-03-10,Thursday,1,3,2025-01-23,1,46,47,2025-04-26
cus485,80,Wednesday,5,2,2025-05-07,Tuesday,4,1,2025-04-29,4,8,19,2025-05-26
cus486,48,Tuesday,4,1,2025-04-15,Sunday,3,6,2025-03-16,2,30,31,2025-05-16
cus487,45,Wednesday,4,2,2025-04-09,Monday,3,0,2025-03-24,1,16,34,2025-05-13
cus488,13,Thursday,1,3,2025-01-09,Monday,12,0,2024-12-30,9,10,16,2025-01-25
cus489,73,Thursday,2,3,2025-02-20,Sunday,1,6,2025-01-05,9,46,39,2025-03-31
cus490,45,Friday,4,4,2025-04-04,Sunday,2,6,2025-02-16,1,47,48,2025-05-22
cus491,81,Wednesday,1,2,2025-01-08,Saturday,12,5,2024-12-21,5,18,22,2025-01-30
cus492,94,Thursday,1,3,2025-01-09,Thursday,11,3,2024-11-28,5,42,46,2025-02-24
cus493,81,Tuesday,4,1,2025-04-15,Monday,2,0,2025-02-24,8,50,51,2025-06-05
cus494,51,Monday,5,0,2025-05-19,Wednesday,4,2,2025-04-23,9,26,32,2025-06-20
cus495,66,Saturday,4,5,2025-04-12,Monday,3,0,2025-03-17,9,26,26,2025-05-08
cus496,12,Monday,2,0,2025-02-10,Thursday,1,3,2025-01-16,6,25,27,2025-03-09
cus497,91,Saturday,3,5,2025-03-08,Saturday,1,5,2025-01-11,5,56,52,2025-04-29
cus498,93,Wednesday,3,2,2025-03-05,Saturday,2,5,2025-02-01,3,32,33,2025-04-07
cus499,36,Friday,3,4,2025-03-07,Monday,1,0,2025-01-20,6,46,45,2025-04-21
cus500,84,Sunday,1,6,2025-01-12,Saturday,12,5,2024-12-21,6,22,26,2025-02-07
cus501,61,Wednesday,1,2,2025-01-15,Tuesday,12,1,2024-12-17,5,29,34,2025-02-18
cus502,55,Wednesday,5,2,2025-05-07,Saturday,3,5,2025-03-15,10,53,51,2025-06-27
cus503,16,Friday,3,4,2025-03-07,Saturday,1,5,2025-01-11,2,55,53,2025-04-29
cus504,12,Thursday,1,3,2025-01-16,Monday,12,0,2024-12-02,2,45,40,2025-02-25
cus505,33,Wednesday,5,2,2025-05-07,Thursday,3,3,2025-03-13,6,55,53,2025-06-29
cus506,32,Thursday,4,3,2025-04-03,Saturday,2,5,2025-02-08,2,54,53,2025-05-26
cus507,25,Monday,5,0,2025-05-19,Wednesday,4,2,2025-04-02,9,47,43,2025-07-01
cus508,84,Saturday,2,5,2025-02-15,Sunday,1,6,2025-01-12,7,34,32,2025-03-19
cus509,47,Saturday,3,5,2025-03-22,Tuesday,2,1,2025-02-11,6,39,31,2025-04-22
cus510,83,Monday,2,0,2025-02-10,Saturday,1,5,2025-01-25,6,16,24,2025-03-06
cus511,17,Thursday,2,3,2025-02-13,Monday,2,0,2025-02-03,10,10,16,2025-03-01
cus512,7,Saturday,2,5,2025-02-01,Monday,12,0,2024-12-30,10,33,34,2025-03-07
cus513,24,Thursday,5,3,2025-05-08,Thursday,4,3,2025-04-17,1,21,22,2025-05-30
cus514,36,Friday,3,4,2025-03-28,Wednesday,3,2,2025-03-05,6,23,16,2025-04-13
cus515,87,Friday,5,4,2025-05-09,Saturday,4,5,2025-04-26,3,13,16,2025-05-25
cus516,57,Sunday,5,6,2025-05-04,Thursday,3,3,2025-03-20,1,45,44,2025-06-17
cus517,25,Tuesday,3,1,2025-03-18,Sunday,1,6,2025-01-19,2,58,59,2025-05-16
cus518,23,Wednesday,2,2,2025-02-12,Saturday,1,5,2025-01-25,10,18,24,2025-03-08
cus519,92,Saturday,3,5,2025-03-15,Saturday,3,5,2025-03-01,8,14,14,2025-03-29
cus520,16,Wednesday,1,2,2025-01-15,Friday,1,4,2025-01-03,9,12,12,2025-01-27
cus521,23,Thursday,2,3,2025-02-13,Thursday,12,3,2024-12-19,6,56,56,2025-04-10
cus522,59,Wednesday,1,2,2025-01-15,Wednesday,12,2,2024-12-11,5,35,37,2025-02-21
cus523,87,Thursday,2,3,2025-02-06,Thursday,12,3,2024-12-19,5,49,57,2025-04-04
cus524,29,Saturday,2,5,2025-02-22,Thursday,1,3,2025-01-09,1,44,33,2025-03-27
cus525,44,Monday,4,0,2025-04-21,Saturday,3,5,2025-03-29,3,23,27,2025-05-18
cus526,12,Wednesday,4,2,2025-04-09,Saturday,3,5,2025-03-01,4,39,33,2025-05-12
cus527,94,Tuesday,1,1,2025-01-07,Sunday,12,6,2024-12-08,10,30,30,2025-02-06
cus528,49,Monday,4,0,2025-04-14,Thursday,3,3,2025-03-20,5,25,28,2025-05-12
cus529,78,Saturday,3,5,2025-03-22,Saturday,2,5,2025-02-01,3,49,35,2025-04-26
cus530,85,Thursday,5,3,2025-05-22,Tuesday,5,1,2025-05-06,3,16,12,2025-06-03
cus531,8,Wednesday,1,2,2025-01-01,Wednesday,12,2,2024-12-25,1,7,11,2025-01-12
cus532,28,Friday,4,4,2025-04-18,Wednesday,3,2,2025-03-19,1,30,28,2025-05-16
cus533,78,Monday,3,0,2025-03-17,Sunday,3,6,2025-03-09,1,8,11,2025-03-28
cus534,85,Tuesday,2,1,2025-02-11,Monday,1,0,2025-01-27,7,15,23,2025-03-06
cus535,43,Sunday,1,6,2025-01-19,Friday,12,4,2024-12-13,7,37,30,2025-02-18
cus536,83,Tuesday,1,1,2025-01-07,Friday,11,4,2024-11-15,5,53,52,2025-02-28
cus537,10,Sunday,5,6,2025-05-11,Wednesday,3,2,2025-03-19,7,53,50,2025-06-30
cus538,18,Monday,2,0,2025-02-10,Saturday,1,5,2025-01-04,4,37,34,2025-03-16
cus539,77,Tuesday,1,1,2025-01-14,Tuesday,12,1,2024-12-10,6,35,35,2025-02-18
cus540,42,Thursday,4,3,2025-04-17,Tuesday,3,1,2025-03-25,5,23,29,2025-05-16
cus541,29,Wednesday,3,2,2025-03-12,Sunday,3,6,2025-03-02,6,10,12,2025-03-24
cus542,74,Monday,4,0,2025-04-21,Thursday,2,3,2025-02-20,2,60,54,2025-06-14
cus543,40,Saturday,5,5,2025-05-10,Friday,4,4,2025-04-04,9,36,19,2025-05-29
cus544,38,Thursday,4,3,2025-04-10,Monday,2,0,2025-02-17,8,52,47,2025-05-27
cus545,24,Tuesday,4,1,2025-04-22,Thursday,3,3,2025-03-20,6,33,31,2025-05-23
cus546,10,Thursday,4,3,2025-04-03,Wednesday,3,2,2025-03-26,7,8,19,2025-04-22
cus547,36,Tuesday,4,1,2025-04-22,Thursday,2,3,2025-02-27,5,54,52,2025-06-13
cus548,70,Friday,2,4,2025-02-14,Sunday,12,6,2024-12-29,9,47,48,2025-04-03
cus549,50,Wednesday,2,2,2025-02-05,Thursday,1,3,2025-01-23,10,13,31,2025-03-08
cus550,80,Wednesday,2,2,2025-02-26,Tuesday,2,1,2025-02-11,6,15,15,2025-03-13
cus551,59,Sunday,3,6,2025-03-09,Wednesday,1,2,2025-01-15,1,53,47,2025-04-25
cus552,47,Monday,1,0,2025-01-27,Wednesday,1,2,2025-01-08,5,19,20,2025-02-16
cus553,22,Wednesday,1,2,2025-01-08,Tuesday,12,1,2024-12-24,8,15,22,2025-01-30
cus554,35,Tuesday,5,1,2025-05-06,Thursday,4,3,2025-04-24,8,12,21,2025-05-27
cus555,14,Saturday,5,5,2025-05-17,Wednesday,3,2,2025-03-19,8,59,51,2025-07-07
cus556,19,Tuesday,2,1,2025-02-25,Sunday,2,6,2025-02-09,7,16,14,2025-03-11
cus557,29,Wednesday,1,2,2025-01-15,Thursday,12,3,2024-12-26,1,20,27,2025-02-11
cus558,64,Tuesday,3,1,2025-03-11,Sunday,1,6,2025-01-19,1,51,51,2025-05-01
cus559,19,Saturday,4,5,2025-04-05,Sunday,2,6,2025-02-23,4,41,43,2025-05-18
cus560,38,Tuesday,4,1,2025-04-15,Friday,2,4,2025-02-28,5,46,53,2025-06-07
cus561,87,Tuesday,5,1,2025-05-20,Sunday,4,6,2025-04-27,6,23,25,2025-06-14
cus562,99,Wednesday,4,2,2025-04-09,Wednesday,2,2,2025-02-26,4,42,46,2025-05-25
cus563,11,Thursday,4,3,2025-04-24,Tuesday,3,1,2025-03-04,3,51,42,2025-06-05
cus564,54,Sunday,4,6,2025-04-20,Tuesday,3,1,2025-03-18,2,33,32,2025-05-22
cus565,82,Sunday,5,6,2025-05-18,Monday,5,0,2025-05-05,7,13,14,2025-06-01
cus566,55,Monday,5,0,2025-05-26,Sunday,4,6,2025-04-13,3,43,37,2025-07-02
cus567,30,Thursday,3,3,2025-03-27,Thursday,2,3,2025-02-20,8,35,32,2025-04-28
cus568,63,Wednesday,1,2,2025-01-01,Monday,11,0,2024-11-25,3,37,43,2025-02-13
cus569,52,Sunday,3,6,2025-03-16,Thursday,1,3,2025-01-30,1,45,43,2025-04-28
cus570,39,Sunday,3,6,2025-03-02,Monday,2,0,2025-02-17,10,13,15,2025-03-17
cus571,43,Sunday,5,6,2025-05-18,Thursday,4,3,2025-04-24,1,24,16,2025-06-03
cus572,75,Thursday,2,3,2025-02-20,Monday,12,0,2024-12-23,5,59,54,2025-04-15
cus573,13,Tuesday,1,1,2025-01-21,Wednesday,11,2,2024-11-27,2,55,53,2025-03-15
cus574,89,Saturday,5,5,2025-05-10,Monday,4,0,2025-04-28,8,12,16,2025-05-26
cus575,72,Thursday,1,3,2025-01-09,Friday,12,4,2024-12-20,8,20,26,2025-02-04
cus576,22,Tuesday,5,1,2025-05-27,Sunday,3,6,2025-03-30,5,58,54,2025-07-20
cus577,96,Friday,1,4,2025-01-17,Wednesday,1,2,2025-01-08,2,9,11,2025-01-28
cus578,17,Saturday,1,5,2025-01-04,Tuesday,12,1,2024-12-17,3,18,22,2025-01-26
cus579,67,Friday,4,4,2025-04-18,Monday,3,0,2025-03-24,3,25,30,2025-05-18
cus580,81,Thursday,4,3,2025-04-24,Thursday,3,3,2025-03-13,1,42,38,2025-06-01
cus581,28,Tuesday,2,1,2025-02-04,Saturday,12,5,2024-12-14,1,52,53,2025-03-29
cus582,90,Sunday,3,6,2025-03-23,Monday,2,0,2025-02-10,3,41,38,2025-04-30
cus583,38,Monday,2,0,2025-02-10,Monday,1,0,2025-01-27,10,14,15,2025-02-25
cus584,27,Friday,5,4,2025-05-02,Tuesday,4,1,2025-04-22,9,10,21,2025-05-23
cus585,13,Thursday,5,3,2025-05-15,Monday,3,0,2025-03-31,1,45,46,2025-06-30
cus586,52,Saturday,2,5,2025-02-15,Thursday,1,3,2025-01-23,6,23,28,2025-03-15
cus587,33,Thursday,1,3,2025-01-16,Saturday,12,5,2024-12-07,10,40,39,2025-02-24
cus588,14,Wednesday,2,2,2025-02-12,Saturday,2,5,2025-02-01,6,11,14,2025-02-26
cus589,73,Thursday,4,3,2025-04-17,Tuesday,3,1,2025-03-11,6,37,36,2025-05-23
cus590,94,Friday,3,4,2025-03-28,Tuesday,3,1,2025-03-04,7,24,19,2025-04-16
cus591,59,Monday,1,0,2025-01-20,Tuesday,12,1,2024-12-03,1,48,35,2025-02-24
cus592,100,Saturday,1,5,2025-01-04,Saturday,12,5,2024-12-28,8,7,9,2025-01-13
cus593,75,Wednesday,3,2,2025-03-05,Wednesday,1,2,2025-01-08,9,56,51,2025-04-25
cus594,25,Thursday,5,3,2025-05-01,Wednesday,3,2,2025-03-19,2,43,47,2025-06-17
cus595,44,Friday,4,4,2025-04-11,Saturday,3,5,2025-03-15,5,27,28,2025-05-09
cus596,87,Friday,5,4,2025-05-02,Monday,3,0,2025-03-10,2,53,47,2025-06-18
cus597,58,Friday,3,4,2025-03-28,Tuesday,1,1,2025-01-28,9,59,53,2025-05-20
cus598,81,Sunday,4,6,2025-04-06,Sunday,3,6,2025-03-09,10,28,28,2025-05-04
cus599,5,Friday,5,4,2025-05-02,Wednesday,4,2,2025-04-23,3,9,13,2025-05-15
cus600,89,Saturday,3,5,2025-03-08,Friday,2,4,2025-02-21,5,15,30,2025-04-07
cus601,12,Thursday,1,3,2025-01-16,Friday,12,4,2024-12-27,1,20,23,2025-02-08
cus602,86,Wednesday,5,2,2025-05-14,Thursday,4,3,2025-04-24,8,20,23,2025-06-06
cus603,11,Tuesday,3,1,2025-03-04,Sunday,2,6,2025-02-16,4,16,24,2025-03-28
cus604,93,Thursday,4,3,2025-04-17,Thursday,2,3,2025-02-20,5,56,55,2025-06-11
cus605,33,Saturday,1,5,2025-01-18,Friday,11,4,2024-11-22,9,57,47,2025-03-06
cus606,39,Friday,4,4,2025-04-18,Monday,3,0,2025-03-17,4,32,28,2025-05-16
cus607,64,Sunday,5,6,2025-05-04,Sunday,3,6,2025-03-09,2,56,54,2025-06-27
cus608,90,Friday,3,4,2025-03-14,Friday,1,4,2025-01-31,10,42,45,2025-04-28
cus609,67,Tuesday,1,1,2025-01-28,Tuesday,12,1,2024-12-10,6,49,44,2025-03-13
cus610,86,Thursday,4,3,2025-04-10,Tuesday,3,1,2025-03-18,2,23,32,2025-05-12
cus611,13,Tuesday,3,1,2025-03-18,Sunday,2,6,2025-02-02,1,44,37,2025-04-24
cus612,27,Thursday,2,3,2025-02-20,Saturday,2,5,2025-02-01,1,19,18,2025-03-10
cus613,33,Friday,2,4,2025-02-07,Monday,1,0,2025-01-20,4,18,24,2025-03-03
cus614,97,Wednesday,5,2,2025-05-28,Sunday,5,6,2025-05-04,3,24,24,2025-06-21
cus615,5,Friday,2,4,2025-02-07,Monday,12,0,2024-12-23,2,46,46,2025-03-25
cus616,48,Tuesday,5,1,2025-05-06,Monday,4,0,2025-04-14,9,22,27,2025-06-02
cus617,35,Saturday,2,5,2025-02-08,Friday,1,4,2025-01-10,1,29,29,2025-03-09
cus618,69,Monday,4,0,2025-04-21,Thursday,3,3,2025-03-27,3,25,33,2025-05-24
cus619,64,Sunday,1,6,2025-01-19,Friday,12,4,2024-12-13,5,37,32,2025-02-20
cus620,24,Sunday,5,6,2025-05-11,Friday,4,4,2025-04-18,8,23,23,2025-06-03
cus621,92,Monday,4,0,2025-04-14,Tuesday,3,1,2025-03-25,6,20,28,2025-05-12
cus622,8,Saturday,2,5,2025-02-22,Sunday,1,6,2025-01-19,6,34,33,2025-03-27
cus623,20,Friday,5,4,2025-05-16,Wednesday,3,2,2025-03-19,3,58,50,2025-07-05
cus624,43,Thursday,3,3,2025-03-20,Monday,2,0,2025-02-10,7,38,35,2025-04-24
cus625,78,Wednesday,2,2,2025-02-05,Monday,12,0,2024-12-23,7,44,48,2025-03-25
cus626,55,Tuesday,2,1,2025-02-18,Wednesday,1,2,2025-01-15,6,34,31,2025-03-21
cus627,85,Wednesday,2,2,2025-02-19,Saturday,2,5,2025-02-08,7,11,13,2025-03-04
cus628,30,Sunday,3,6,2025-03-09,Friday,1,4,2025-01-31,7,37,40,2025-04-18
cus629,49,Tuesday,5,1,2025-05-13,Tuesday,4,1,2025-04-15,10,28,33,2025-06-15
cus630,17,Monday,2,0,2025-02-10,Tuesday,12,1,2024-12-31,2,41,42,2025-03-24
cus631,44,Saturday,4,5,2025-04-05,Wednesday,3,2,2025-03-26,1,10,17,2025-04-22
cus632,5,Monday,1,0,2025-01-06,Wednesday,12,2,2024-12-18,9,19,20,2025-01-26
cus633,59,Thursday,4,3,2025-04-10,Thursday,2,3,2025-02-20,1,49,49,2025-05-29
cus634,34,Thursday,5,3,2025-05-15,Monday,4,0,2025-04-14,1,31,29,2025-06-13
cus635,86,Tuesday,2,1,2025-02-25,Friday,12,4,2024-12-27,8,60,55,2025-04-21
cus636,73,Thursday,1,3,2025-01-16,Monday,12,0,2024-12-02,6,45,33,2025-02-18
cus637,11,Monday,5,0,2025-05-26,Tuesday,4,1,2025-04-15,6,41,31,2025-06-26
cus638,86,Friday,5,4,2025-05-02,Thursday,4,3,2025-04-24,3,8,15,2025-05-17
cus639,83,Monday,3,0,2025-03-24,Monday,1,0,2025-01-27,8,56,53,2025-05-16
cus640,13,Friday,1,4,2025-01-10,Friday,12,4,2024-12-20,6,21,27,2025-02-06
cus641,61,Saturday,1,5,2025-01-25,Wednesday,1,2,2025-01-08,4,17,14,2025-02-08
cus642,18,Tuesday,3,1,2025-03-11,Monday,1,0,2025-01-20,1,50,48,2025-04-28
cus643,6,Sunday,3,6,2025-03-16,Tuesday,2,1,2025-02-18,8,26,27,2025-04-12
cus644,76,Thursday,2,3,2025-02-13,Saturday,12,5,2024-12-21,4,54,51,2025-04-05
cus645,62,Wednesday,1,2,2025-01-08,Saturday,11,5,2024-11-09,1,60,45,2025-02-22
cus646,48,Wednesday,5,2,2025-05-07,Saturday,3,5,2025-03-15,9,53,50,2025-06-26
cus647,19,Tuesday,4,1,2025-04-08,Wednesday,3,2,2025-03-19,8,20,21,2025-04-29
cus648,22,Monday,1,0,2025-01-13,Monday,12,0,2024-12-23,2,21,26,2025-02-08
cus649,34,Monday,2,0,2025-02-03,Friday,12,4,2024-12-27,4,38,47,2025-03-22
cus650,63,Monday,2,0,2025-02-10,Friday,1,4,2025-01-03,9,38,29,2025-03-11
cus651,24,Sunday,2,6,2025-02-23,Tuesday,1,1,2025-01-21,6,33,35,2025-03-30
cus652,33,Tuesday,3,1,2025-03-11,Saturday,1,5,2025-01-11,4,59,55,2025-05-05
cus653,9,Monday,4,0,2025-04-28,Sunday,4,6,2025-04-06,6,22,18,2025-05-16
cus654,30,Thursday,5,3,2025-05-08,Thursday,4,3,2025-04-24,8,14,19,2025-05-27
cus655,78,Thursday,4,3,2025-04-17,Tuesday,3,1,2025-03-04,4,44,36,2025-05-23
cus656,38,Monday,5,0,2025-05-12,Thursday,4,3,2025-04-17,8,25,24,2025-06-05
cus657,54,Friday,2,4,2025-02-28,Saturday,1,5,2025-01-04,8,55,40,2025-04-09
cus658,21,Thursday,4,3,2025-04-03,Monday,3,0,2025-03-24,7,10,21,2025-04-24
cus659,46,Sunday,3,6,2025-03-02,Friday,1,4,2025-01-31,1,30,33,2025-04-04
cus660,97,Wednesday,3,2,2025-03-26,Monday,2,0,2025-02-17,6,37,36,2025-05-01
cus661,22,Tuesday,1,1,2025-01-07,Tuesday,11,1,2024-11-19,3,49,53,2025-03-01
cus662,23,Monday,2,0,2025-02-24,Saturday,1,5,2025-01-04,5,51,45,2025-04-10
cus663,25,Monday,4,0,2025-04-28,Friday,3,4,2025-03-07,5,52,31,2025-05-29
cus664,61,Tuesday,5,1,2025-05-20,Tuesday,3,1,2025-03-25,2,56,55,2025-07-14
cus665,88,Friday,2,4,2025-02-21,Friday,12,4,2024-12-27,7,56,55,2025-04-17
cus666,23,Monday,1,0,2025-01-27,Thursday,12,3,2024-12-19,9,39,39,2025-03-07
cus667,93,Friday,4,4,2025-04-11,Tuesday,3,1,2025-03-04,6,38,39,2025-05-20
cus668,98,Wednesday,3,2,2025-03-12,Monday,2,0,2025-02-03,6,37,36,2025-04-17
cus669,79,Wednesday,5,2,2025-05-07,Thursday,3,3,2025-03-20,1,48,53,2025-06-29
cus670,16,Saturday,5,5,2025-05-03,Friday,3,4,2025-03-28,1,36,41,2025-06-13
cus671,55,Wednesday,3,2,2025-03-26,Monday,2,0,2025-02-24,4,30,31,2025-04-26
cus672,24,Tuesday,3,1,2025-03-18,Thursday,2,3,2025-02-13,4,33,33,2025-04-20
cus673,18,Sunday,2,6,2025-02-23,Friday,1,4,2025-01-24,9,30,29,2025-03-24
cus674,65,Wednesday,5,2,2025-05-14,Wednesday,4,2,2025-04-30,7,14,26,2025-06-09
cus675,90,Thursday,3,3,2025-03-27,Friday,3,4,2025-03-14,8,13,12,2025-04-08
cus676,48,Monday,1,0,2025-01-13,Saturday,11,5,2024-11-30,7,44,47,2025-03-01
cus677,62,Wednesday,2,2,2025-02-12,Monday,12,0,2024-12-30,4,44,46,2025-03-30
cus678,21,Thursday,5,3,2025-05-15,Monday,4,0,2025-04-21,10,24,22,2025-06-06
cus679,76,Saturday,2,5,2025-02-01,Wednesday,12,2,2024-12-04,1,59,59,2025-04-01
cus680,86,Saturday,2,5,2025-02-22,Saturday,2,5,2025-02-01,7,21,17,2025-03-11
cus681,23,Sunday,4,6,2025-04-27,Wednesday,3,2,2025-03-19,6,39,39,2025-06-05
cus682,58,Friday,3,4,2025-03-28,Sunday,2,6,2025-02-09,3,47,37,2025-05-04
cus683,24,Sunday,2,6,2025-02-09,Wednesday,1,2,2025-01-08,1,32,33,2025-03-14
cus684,40,Friday,3,4,2025-03-14,Wednesday,2,2,2025-02-19,7,23,25,2025-04-08
cus685,95,Wednesday,5,2,2025-05-28,Sunday,4,6,2025-04-13,10,45,42,2025-07-09
cus686,63,Saturday,5,5,2025-05-10,Monday,3,0,2025-03-24,1,47,48,2025-06-27
cus687,35,Tuesday,3,1,2025-03-11,Friday,1,4,2025-01-17,5,53,52,2025-05-02
cus688,94,Wednesday,4,2,2025-04-16,Monday,3,0,2025-03-03,2,44,24,2025-05-10
cus689,49,Thursday,5,3,2025-05-01,Monday,3,0,2025-03-17,1,45,49,2025-06-19
cus690,85,Friday,4,4,2025-04-11,Saturday,3,5,2025-03-08,3,34,31,2025-05-12
cus691,95,Tuesday,1,1,2025-01-21,Saturday,12,5,2024-12-07,4,45,37,2025-02-27
cus692,37,Tuesday,5,1,2025-05-13,Thursday,5,3,2025-05-01,8,12,11,2025-05-24
cus693,29,Friday,2,4,2025-02-14,Sunday,1,6,2025-01-19,2,26,38,2025-03-24
cus694,40,Saturday,5,5,2025-05-03,Thursday,4,3,2025-04-24,9,9,12,2025-05-15
cus695,74,Thursday,1,3,2025-01-02,Sunday,12,6,2024-12-22,4,11,18,2025-01-20
cus696,29,Friday,2,4,2025-02-21,Sunday,2,6,2025-02-02,9,19,20,2025-03-13
cus697,12,Monday,1,0,2025-01-20,Sunday,1,6,2025-01-05,2,15,15,2025-02-04
cus698,52,Tuesday,2,1,2025-02-04,Friday,1,4,2025-01-10,10,25,35,2025-03-11
cus699,46,Monday,5,0,2025-05-26,Sunday,4,6,2025-04-27,6,29,30,2025-06-25
cus700,100,Monday,1,0,2025-01-06,Monday,12,0,2024-12-09,5,28,26,2025-02-01
cus701,5,Sunday,4,6,2025-04-06,Monday,3,0,2025-03-24,1,13,13,2025-04-19
cus702,42,Thursday,3,3,2025-03-13,Friday,2,4,2025-02-07,4,34,29,2025-04-11
cus703,28,Monday,1,0,2025-01-13,Saturday,11,5,2024-11-30,2,44,49,2025-03-03
cus704,61,Friday,1,4,2025-01-17,Saturday,12,5,2024-12-28,6,20,25,2025-02-11
cus705,80,Monday,5,0,2025-05-12,Wednesday,4,2,2025-04-02,10,40,37,2025-06-18
cus706,39,Tuesday,1,1,2025-01-07,Saturday,11,5,2024-11-23,5,45,48,2025-02-24
cus707,33,Tuesday,4,1,2025-04-01,Sunday,3,6,2025-03-16,8,16,22,2025-04-23
cus708,16,Sunday,3,6,2025-03-02,Monday,1,0,2025-01-13,1,48,48,2025-04-19
cus709,39,Wednesday,2,2,2025-02-05,Sunday,12,6,2024-12-29,5,38,40,2025-03-17
cus710,34,Wednesday,5,2,2025-05-28,Monday,5,0,2025-05-19,8,9,11,2025-06-08
cus711,65,Tuesday,1,1,2025-01-07,Saturday,12,5,2024-12-21,3,17,26,2025-02-02
cus712,14,Thursday,3,3,2025-03-20,Monday,2,0,2025-02-03,8,45,39,2025-04-28
cus713,8,Saturday,3,5,2025-03-01,Tuesday,2,1,2025-02-11,4,18,23,2025-03-24
cus714,50,Wednesday,1,2,2025-01-01,Thursday,11,3,2024-11-07,9,55,45,2025-02-15
cus715,79,Saturday,1,5,2025-01-18,Tuesday,12,1,2024-12-03,4,46,35,2025-02-22
cus716,7,Sunday,4,6,2025-04-20,Thursday,4,3,2025-04-03,2,17,17,2025-05-07
cus717,51,Monday,2,0,2025-02-10,Friday,12,4,2024-12-13,4,59,50,2025-04-01
cus718,47,Tuesday,2,1,2025-02-18,Saturday,1,5,2025-01-25,1,24,30,2025-03-20
cus719,89,Sunday,2,6,2025-02-23,Tuesday,1,1,2025-01-14,4,40,38,2025-04-02
cus720,52,Friday,3,4,2025-03-21,Thursday,2,3,2025-02-06,8,43,32,2025-04-22
cus721,30,Wednesday,2,2,2025-02-19,Tuesday,12,1,2024-12-31,5,50,51,2025-04-11
cus722,52,Friday,3,4,2025-03-21,Sunday,2,6,2025-02-02,1,47,34,2025-04-24
cus723,27,Wednesday,2,2,2025-02-26,Saturday,1,5,2025-01-25,8,32,32,2025-03-30
cus724,58,Friday,5,4,2025-05-16,Wednesday,3,2,2025-03-26,6,51,51,2025-07-06
cus725,54,Monday,4,0,2025-04-28,Thursday,2,3,2025-02-27,4,60,54,2025-06-21
cus726,78,Wednesday,2,2,2025-02-19,Sunday,12,6,2024-12-29,9,52,48,2025-04-08
cus727,6,Sunday,4,6,2025-04-13,Sunday,2,6,2025-02-23,7,49,46,2025-05-29
cus728,50,Sunday,2,6,2025-02-02,Monday,12,0,2024-12-23,8,41,41,2025-03-15
cus729,20,Monday,1,0,2025-01-06,Sunday,12,6,2024-12-22,5,15,19,2025-01-25
cus730,50,Sunday,4,6,2025-04-13,Wednesday,2,2,2025-02-12,5,60,57,2025-06-09
cus731,87,Saturday,5,5,2025-05-17,Wednesday,4,2,2025-04-02,6,45,35,2025-06-21
cus732,89,Wednesday,5,2,2025-05-14,Tuesday,4,1,2025-04-15,2,29,29,2025-06-12
cus733,87,Thursday,5,3,2025-05-15,Saturday,3,5,2025-03-29,5,47,49,2025-07-03
cus734,83,Friday,2,4,2025-02-07,Wednesday,1,2,2025-01-29,8,9,21,2025-02-28
cus735,61,Thursday,4,3,2025-04-03,Thursday,3,3,2025-03-27,10,7,20,2025-04-23
cus736,45,Sunday,2,6,2025-02-16,Tuesday,1,1,2025-01-07,7,40,37,2025-03-25
cus737,47,Friday,4,4,2025-04-04,Tuesday,3,1,2025-03-04,4,31,32,2025-05-06
cus738,22,Tuesday,2,1,2025-02-18,Sunday,2,6,2025-02-02,9,16,18,2025-03-08
cus739,48,Friday,2,4,2025-02-28,Sunday,2,6,2025-02-02,8,26,23,2025-03-23
cus740,5,Saturday,1,5,2025-01-04,Saturday,11,5,2024-11-16,3,49,48,2025-02-21
cus741,52,Tuesday,5,1,2025-05-20,Wednesday,3,2,2025-03-26,9,55,51,2025-07-10
cus742,58,Friday,2,4,2025-02-07,Wednesday,1,2,2025-01-29,5,9,32,2025-03-11
cus743,95,Wednesday,4,2,2025-04-02,Friday,3,4,2025-03-21,8,12,18,2025-04-20
cus744,80,Wednesday,3,2,2025-03-12,Thursday,2,3,2025-02-27,9,13,22,2025-04-03
cus745,70,Friday,3,4,2025-03-14,Saturday,2,5,2025-02-08,3,34,30,2025-04-13
cus746,52,Saturday,4,5,2025-04-19,Saturday,3,5,2025-03-08,7,42,37,2025-05-26
cus747,66,Friday,3,4,2025-03-28,Monday,2,0,2025-02-17,2,39,32,2025-04-29
cus748,99,Tuesday,5,1,2025-05-13,Tuesday,4,1,2025-04-22,4,21,23,2025-06-05
cus749,79,Tuesday,5,1,2025-05-20,Wednesday,3,2,2025-03-26,2,55,54,2025-07-13
cus750,30,Sunday,5,6,2025-05-25,Sunday,4,6,2025-04-27,9,28,22,2025-06-16
cus751,58,Tuesday,1,1,2025-01-07,Saturday,12,5,2024-12-07,1,31,32,2025-02-08
cus752,31,Tuesday,1,1,2025-01-28,Thursday,1,3,2025-01-02,8,26,21,2025-02-18
cus753,67,Monday,5,0,2025-05-05,Thursday,4,3,2025-04-10,4,25,28,2025-06-02
cus754,98,Saturday,4,5,2025-04-26,Friday,4,4,2025-04-11,3,15,20,2025-05-16
cus755,92,Monday,2,0,2025-02-10,Saturday,1,5,2025-01-11,6,30,29,2025-03-11
cus756,33,Sunday,3,6,2025-03-23,Saturday,2,5,2025-02-22,5,29,31,2025-04-23
cus757,14,Thursday,4,3,2025-04-10,Wednesday,2,2,2025-02-26,9,43,45,2025-05-25
cus758,51,Monday,2,0,2025-02-10,Sunday,12,6,2024-12-29,3,43,44,2025-03-26
cus759,96,Wednesday,5,2,2025-05-28,Friday,5,4,2025-05-09,2,19,19,2025-06-16
cus760,83,Monday,1,0,2025-01-13,Sunday,12,6,2024-12-29,8,15,19,2025-02-01
cus761,33,Sunday,1,6,2025-01-26,Friday,1,4,2025-01-17,3,9,9,2025-02-04
cus762,57,Sunday,2,6,2025-02-09,Wednesday,12,2,2024-12-11,8,60,46,2025-03-27
cus763,97,Tuesday,4,1,2025-04-22,Friday,4,4,2025-04-11,7,11,12,2025-05-04
cus764,27,Monday,1,0,2025-01-13,Monday,11,0,2024-11-18,9,56,55,2025-03-09
cus765,55,Tuesday,2,1,2025-02-11,Sunday,12,6,2024-12-29,6,44,45,2025-03-28
cus766,11,Friday,3,4,2025-03-21,Monday,2,0,2025-02-24,9,25,31,2025-04-21
cus767,49,Thursday,2,3,2025-02-13,Wednesday,12,2,2024-12-25,3,50,51,2025-04-05
cus768,77,Tuesday,5,1,2025-05-06,Tuesday,3,1,2025-03-25,3,42,52,2025-06-27
cus769,79,Tuesday,2,1,2025-02-25,Saturday,2,5,2025-02-15,9,10,12,2025-03-09
cus770,17,Saturday,4,5,2025-04-19,Friday,4,4,2025-04-11,6,8,11,2025-04-30
cus771,76,Saturday,1,5,2025-01-04,Sunday,12,6,2024-12-01,4,34,35,2025-02-08
cus772,12,Thursday,1,3,2025-01-16,Monday,12,0,2024-12-09,7,38,32,2025-02-17
cus773,72,Tuesday,2,1,2025-02-04,Monday,12,0,2024-12-30,9,36,43,2025-03-19
cus774,19,Sunday,2,6,2025-02-16,Saturday,1,5,2025-01-18,7,29,27,2025-03-15
cus775,98,Monday,1,0,2025-01-06,Saturday,12,5,2024-12-21,5,16,20,2025-01-26
cus776,33,Saturday,1,5,2025-01-11,Tuesday,11,1,2024-11-26,6,46,46,2025-02-26
cus777,63,Saturday,5,5,2025-05-24,Sunday,5,6,2025-05-11,10,13,15,2025-06-08
cus778,91,Tuesday,4,1,2025-04-01,Monday,2,0,2025-02-17,2,43,44,2025-05-15
cus779,93,Friday,2,4,2025-02-28,Monday,1,0,2025-01-06,8,53,46,2025-04-15
cus780,22,Saturday,1,5,2025-01-18,Wednesday,12,2,2024-12-04,5,45,37,2025-02-24
cus781,70,Sunday,5,6,2025-05-18,Sunday,4,6,2025-04-13,9,35,29,2025-06-16
cus782,56,Thursday,2,3,2025-02-27,Tuesday,2,1,2025-02-18,10,9,12,2025-03-11
cus783,93,Monday,2,0,2025-02-17,Monday,12,0,2024-12-23,9,56,55,2025-04-13
cus784,24,Saturday,5,5,2025-05-03,Sunday,3,6,2025-03-16,6,48,52,2025-06-24
cus785,11,Monday,3,0,2025-03-24,Friday,3,4,2025-03-14,6,10,10,2025-04-03
cus786,62,Monday,4,0,2025-04-14,Thursday,3,3,2025-03-13,5,32,30,2025-05-14
cus787,85,Sunday,5,6,2025-05-04,Sunday,4,6,2025-04-13,10,21,22,2025-05-26
cus788,88,Saturday,4,5,2025-04-05,Tuesday,3,1,2025-03-11,4,25,36,2025-05-11
cus789,74,Wednesday,4,2,2025-04-09,Thursday,3,3,2025-03-13,1,27,30,2025-05-09
cus790,58,Thursday,2,3,2025-02-06,Tuesday,1,1,2025-01-21,8,16,28,2025-03-06
cus791,35,Thursday,2,3,2025-02-13,Thursday,1,3,2025-01-23,6,21,29,2025-03-14
cus792,57,Wednesday,5,2,2025-05-14,Tuesday,4,1,2025-04-15,7,29,27,2025-06-10
cus793,89,Monday,5,0,2025-05-19,Thursday,3,3,2025-03-20,4,60,58,2025-07-16
cus794,73,Tuesday,4,1,2025-04-22,Wednesday,4,2,2025-04-09,1,13,16,2025-05-08
cus795,92,Wednesday,5,2,2025-05-14,Friday,3,4,2025-03-21,2,54,51,2025-07-04
cus796,40,Tuesday,1,1,2025-01-28,Tuesday,12,1,2024-12-10,1,49,44,2025-03-13
cus797,6,Thursday,2,3,2025-02-27,Sunday,1,6,2025-01-26,5,32,32,2025-03-31
cus798,30,Monday,2,0,2025-02-10,Tuesday,1,1,2025-01-14,5,27,29,2025-03-11
cus799,86,Wednesday,1,2,2025-01-01,Thursday,11,3,2024-11-07,3,55,52,2025-02-22
cus800,78,Thursday,4,3,2025-04-24,Wednesday,4,2,2025-04-02,9,22,17,2025-05-11
cus801,73,Saturday,1,5,2025-01-18,Thursday,12,3,2024-12-19,7,30,31,2025-02-18
cus802,34,Sunday,4,6,2025-04-20,Friday,2,4,2025-02-21,1,58,49,2025-06-08
cus803,26,Thursday,3,3,2025-03-20,Sunday,2,6,2025-02-23,2,25,34,2025-04-23
cus804,8,Sunday,4,6,2025-04-06,Saturday,2,5,2025-02-22,9,43,44,2025-05-20
cus805,71,Monday,1,0,2025-01-20,Saturday,12,5,2024-12-21,10,30,32,2025-02-21
cus806,75,Friday,4,4,2025-04-25,Saturday,4,5,2025-04-05,3,20,18,2025-05-13
cus807,14,Saturday,3,5,2025-03-15,Wednesday,1,2,2025-01-15,2,59,55,2025-05-09
cus808,17,Thursday,2,3,2025-02-13,Friday,1,4,2025-01-24,9,20,26,2025-03-11
cus809,34,Thursday,1,3,2025-01-23,Thursday,12,3,2024-12-05,6,49,38,2025-03-02
cus810,64,Monday,1,0,2025-01-13,Sunday,1,6,2025-01-05,9,8,11,2025-01-24
cus811,32,Friday,2,4,2025-02-21,Thursday,1,3,2025-01-30,6,22,31,2025-03-24
cus812,36,Wednesday,5,2,2025-05-14,Saturday,3,5,2025-03-15,9,60,49,2025-07-02
cus813,16,Thursday,5,3,2025-05-22,Friday,4,4,2025-04-18,7,34,29,2025-06-20
cus814,53,Tuesday,2,1,2025-02-18,Wednesday,2,2,2025-02-05,9,13,14,2025-03-04
cus815,24,Wednesday,2,2,2025-02-26,Wednesday,1,2,2025-01-22,9,35,33,2025-03-31
cus816,32,Thursday,1,3,2025-01-02,Monday,12,0,2024-12-23,9,10,17,2025-01-19
cus817,85,Thursday,1,3,2025-01-09,Saturday,11,5,2024-11-30,7,40,47,2025-02-25
cus818,60,Wednesday,5,2,2025-05-07,Wednesday,3,2,2025-03-26,3,42,50,2025-06-26
cus819,12,Thursday,2,3,2025-02-27,Sunday,2,6,2025-02-09,10,18,16,2025-03-15
cus820,92,Tuesday,3,1,2025-03-18,Monday,3,0,2025-03-10,5,8,11,2025-03-29
cus821,42,Thursday,3,3,2025-03-06,Thursday,2,3,2025-02-06,10,28,25,2025-03-31
cus822,80,Monday,5,0,2025-05-19,Friday,5,4,2025-05-02,7,17,15,2025-06-03
cus823,28,Tuesday,3,1,2025-03-25,Wednesday,2,2,2025-02-26,7,27,30,2025-04-24
cus824,59,Monday,4,0,2025-04-28,Friday,3,4,2025-03-21,6,38,29,2025-05-27
cus825,84,Monday,5,0,2025-05-26,Tuesday,4,1,2025-04-29,5,27,28,2025-06-23
cus826,42,Saturday,1,5,2025-01-18,Monday,12,0,2024-12-09,10,40,34,2025-02-21
cus827,14,Tuesday,1,1,2025-01-07,Tuesday,11,1,2024-11-19,4,49,53,2025-03-01
cus828,88,Monday,3,0,2025-03-24,Thursday,3,3,2025-03-06,6,18,16,2025-04-09
cus829,25,Thursday,4,3,2025-04-17,Saturday,2,5,2025-02-22,3,54,53,2025-06-09
cus830,84,Tuesday,3,1,2025-03-04,Sunday,1,6,2025-01-26,6,37,51,2025-04-24
cus831,97,Tuesday,4,1,2025-04-15,Wednesday,2,2,2025-02-26,3,48,46,2025-05-31
cus832,41,Sunday,5,6,2025-05-25,Thursday,4,3,2025-04-24,6,31,28,2025-06-22
cus833,50,Tuesday,5,1,2025-05-20,Sunday,4,6,2025-04-13,2,37,36,2025-06-25
cus834,58,Wednesday,1,2,2025-01-22,Saturday,12,5,2024-12-28,8,25,24,2025-02-15
cus835,17,Sunday,2,6,2025-02-02,Friday,1,4,2025-01-03,3,30,27,2025-03-01
cus836,32,Monday,4,0,2025-04-07,Saturday,3,5,2025-03-29,5,9,22,2025-04-29
cus837,76,Friday,1,4,2025-01-17,Friday,12,4,2024-12-13,9,35,32,2025-02-18
cus838,36,Wednesday,3,2,2025-03-19,Thursday,3,3,2025-03-06,1,13,13,2025-04-01
cus839,80,Monday,4,0,2025-04-21,Friday,2,4,2025-02-21,6,59,53,2025-06-13
cus840,96,Wednesday,4,2,2025-04-02,Monday,2,0,2025-02-24,4,37,40,2025-05-12
cus841,56,Tuesday,3,1,2025-03-18,Friday,3,4,2025-03-07,10,11,11,2025-03-29
cus842,48,Saturday,3,5,2025-03-01,Tuesday,1,1,2025-01-28,4,32,43,2025-04-13
cus843,20,Saturday,3,5,2025-03-08,Saturday,1,5,2025-01-18,10,49,48,2025-04-25
cus844,47,Friday,1,4,2025-01-24,Monday,1,0,2025-01-13,10,11,14,2025-02-07
cus845,49,Wednesday,5,2,2025-05-14,Tuesday,4,1,2025-04-01,2,43,36,2025-06-19
cus846,43,Monday,1,0,2025-01-27,Saturday,12,5,2024-12-28,10,30,39,2025-03-07
cus847,39,Thursday,3,3,2025-03-27,Sunday,2,6,2025-02-23,2,32,31,2025-04-27
cus848,18,Wednesday,2,2,2025-02-19,Sunday,1,6,2025-01-12,5,38,35,2025-03-26
cus849,86,Saturday,5,5,2025-05-24,Saturday,4,5,2025-04-12,4,42,31,2025-06-24
cus850,26,Monday,1,0,2025-01-06,Tuesday,12,1,2024-12-24,6,13,33,2025-02-08
cus851,46,Tuesday,5,1,2025-05-06,Tuesday,3,1,2025-03-18,9,49,50,2025-06-25
cus852,100,Saturday,1,5,2025-01-25,Thursday,1,3,2025-01-16,2,9,8,2025-02-02
cus853,98,Tuesday,3,1,2025-03-25,Sunday,2,6,2025-02-09,1,44,39,2025-05-03
cus854,65,Wednesday,2,2,2025-02-12,Tuesday,12,1,2024-12-24,10,50,49,2025-04-02
cus855,93,Monday,4,0,2025-04-28,Sunday,3,6,2025-03-09,6,50,45,2025-06-12
cus856,13,Monday,3,0,2025-03-03,Monday,2,0,2025-02-03,2,28,29,2025-04-01
cus857,18,Tuesday,3,1,2025-03-04,Saturday,1,5,2025-01-18,1,45,51,2025-04-24
cus858,44,Wednesday,1,2,2025-01-01,Monday,11,0,2024-11-04,4,58,54,2025-02-24
cus859,57,Sunday,2,6,2025-02-09,Sunday,1,6,2025-01-05,3,35,32,2025-03-13
cus860,44,Wednesday,4,2,2025-04-02,Saturday,3,5,2025-03-01,5,32,25,2025-04-27
cus861,29,Friday,2,4,2025-02-28,Monday,2,0,2025-02-17,2,11,14,2025-03-14
cus862,97,Saturday,5,5,2025-05-10,Sunday,4,6,2025-04-06,6,34,33,2025-06-12
cus863,6,Monday,4,0,2025-04-07,Monday,2,0,2025-02-17,7,49,48,2025-05-25
cus864,73,Tuesday,3,1,2025-03-11,Tuesday,1,1,2025-01-28,10,42,47,2025-04-27
cus865,33,Tuesday,2,1,2025-02-25,Saturday,1,5,2025-01-18,1,38,35,2025-04-01
cus866,76,Sunday,1,6,2025-01-05,Tuesday,12,1,2024-12-10,8,26,34,2025-02-08
cus867,70,Thursday,5,3,2025-05-15,Wednesday,4,2,2025-04-09,10,36,29,2025-06-13
cus868,99,Tuesday,5,1,2025-05-06,Friday,3,4,2025-03-21,1,46,50,2025-06-25
cus869,58,Tuesday,2,1,2025-02-25,Saturday,1,5,2025-01-25,3,31,31,2025-03-28
cus870,72,Friday,4,4,2025-04-25,Friday,4,4,2025-04-04,10,21,15,2025-05-10
cus871,93,Saturday,2,5,2025-02-22,Thursday,1,3,2025-01-30,8,23,25,2025-03-19
cus872,83,Thursday,2,3,2025-02-20,Saturday,12,5,2024-12-28,3,54,53,2025-04-14
cus873,82,Wednesday,4,2,2025-04-23,Sunday,3,6,2025-03-16,7,38,34,2025-05-27
cus874,5,Tuesday,3,1,2025-03-25,Wednesday,2,2,2025-02-26,9,27,26,2025-04-20
cus875,29,Wednesday,2,2,2025-02-26,Friday,1,4,2025-01-31,2,26,30,2025-03-28
cus876,52,Monday,2,0,2025-02-03,Monday,12,0,2024-12-16,1,49,49,2025-03-24
cus877,43,Thursday,2,3,2025-02-06,Wednesday,12,2,2024-12-11,8,57,53,2025-03-31
cus878,62,Saturday,1,5,2025-01-04,Thursday,12,3,2024-12-12,2,23,29,2025-02-02
cus879,89,Thursday,3,3,2025-03-20,Tuesday,1,1,2025-01-28,7,51,52,2025-05-11
cus880,95,Tuesday,3,1,2025-03-18,Monday,2,0,2025-02-17,8,29,32,2025-04-19
cus881,11,Tuesday,1,1,2025-01-28,Thursday,12,3,2024-12-05,1,54,49,2025-03-18
cus882,81,Sunday,4,6,2025-04-13,Tuesday,3,1,2025-03-18,9,26,27,2025-05-10
cus883,66,Tuesday,1,1,2025-01-28,Saturday,12,5,2024-12-21,9,38,38,2025-03-07
cus884,60,Wednesday,5,2,2025-05-21,Sunday,5,6,2025-05-11,10,10,24,2025-06-14
cus885,78,Friday,5,4,2025-05-09,Monday,3,0,2025-03-10,5,60,48,2025-06-26
cus886,87,Thursday,1,3,2025-01-09,Thursday,12,3,2024-12-05,8,35,32,2025-02-10
cus887,87,Wednesday,5,2,2025-05-14,Tuesday,4,1,2025-04-01,7,43,31,2025-06-14
cus888,98,Sunday,1,6,2025-01-26,Tuesday,12,1,2024-12-17,10,40,38,2025-03-05
cus889,84,Tuesday,2,1,2025-02-25,Wednesday,1,2,2025-01-22,7,34,29,2025-03-26
cus890,55,Friday,5,4,2025-05-23,Wednesday,5,2,2025-05-14,5,9,11,2025-06-03
cus891,65,Thursday,1,3,2025-01-09,Saturday,11,5,2024-11-23,7,47,47,2025-02-25
cus892,92,Wednesday,4,2,2025-04-16,Wednesday,4,2,2025-04-02,8,14,14,2025-04-30
cus893,34,Friday,2,4,2025-02-14,Sunday,1,6,2025-01-26,1,19,35,2025-03-21
cus894,49,Thursday,5,3,2025-05-22,Thursday,5,3,2025-05-01,9,21,8,2025-05-30
cus895,77,Saturday,4,5,2025-04-26,Tuesday,3,1,2025-03-11,1,46,41,2025-06-06
cus896,85,Saturday,1,5,2025-01-04,Monday,12,0,2024-12-09,3,26,29,2025-02-02
cus897,7,Sunday,3,6,2025-03-16,Saturday,1,5,2025-01-18,7,57,54,2025-05-09
cus898,38,Monday,4,0,2025-04-07,Friday,2,4,2025-02-07,3,59,56,2025-06-02
cus899,85,Thursday,2,3,2025-02-20,Thursday,2,3,2025-02-13,5,7,11,2025-03-03
cus900,91,Wednesday,3,2,2025-03-05,Thursday,1,3,2025-01-23,4,41,51,2025-04-25
cus901,100,Friday,1,4,2025-01-03,Monday,12,0,2024-12-23,2,11,12,2025-01-15
cus902,10,Wednesday,1,2,2025-01-22,Tuesday,12,1,2024-12-03,6,50,27,2025-02-18
cus903,33,Tuesday,1,1,2025-01-14,Monday,12,0,2024-12-30,4,15,35,2025-02-18
cus904,53,Friday,4,4,2025-04-25,Sunday,3,6,2025-03-23,1,33,32,2025-05-27
cus905,5,Sunday,1,6,2025-01-19,Sunday,12,6,2024-12-29,5,21,22,2025-02-10
cus906,10,Sunday,2,6,2025-02-16,Friday,12,4,2024-12-20,7,58,54,2025-04-11
cus907,51,Monday,3,0,2025-03-17,Friday,2,4,2025-02-28,10,17,21,2025-04-07
cus908,67,Wednesday,4,2,2025-04-23,Friday,2,4,2025-02-28,10,54,51,2025-06-13
cus909,35,Thursday,4,3,2025-04-10,Thursday,3,3,2025-03-06,4,35,31,2025-05-11
cus910,24,Sunday,4,6,2025-04-20,Tuesday,3,1,2025-03-25,2,26,31,2025-05-21
cus911,28,Tuesday,1,1,2025-01-07,Sunday,12,6,2024-12-08,6,30,29,2025-02-05
cus912,24,Sunday,3,6,2025-03-09,Friday,1,4,2025-01-31,9,37,40,2025-04-18
cus913,20,Wednesday,2,2,2025-02-05,Monday,1,0,2025-01-06,6,30,28,2025-03-05
cus914,76,Sunday,3,6,2025-03-02,Wednesday,2,2,2025-02-12,9,18,21,2025-03-23
cus915,21,Monday,2,0,2025-02-17,Tuesday,12,1,2024-12-24,4,55,42,2025-03-31
cus916,37,Monday,1,0,2025-01-20,Monday,12,0,2024-12-23,3,28,29,2025-02-18
cus917,65,Thursday,2,3,2025-02-20,Friday,1,4,2025-01-31,1,20,24,2025-03-16
cus918,43,Saturday,5,5,2025-05-03,Tuesday,4,1,2025-04-08,4,25,22,2025-05-25
cus919,56,Thursday,3,3,2025-03-27,Tuesday,1,1,2025-01-28,10,58,55,2025-05-21
cus920,86,Sunday,3,6,2025-03-02,Monday,1,0,2025-01-06,2,55,54,2025-04-25
cus921,57,Wednesday,4,2,2025-04-09,Sunday,3,6,2025-03-23,9,17,21,2025-04-30
cus922,76,Thursday,4,3,2025-04-03,Wednesday,2,2,2025-02-05,10,57,53,2025-05-26
cus923,77,Monday,1,0,2025-01-13,Tuesday,11,1,2024-11-26,5,48,47,2025-03-01
cus924,14,Tuesday,5,1,2025-05-20,Friday,3,4,2025-03-28,7,53,49,2025-07-08
cus925,93,Wednesday,5,2,2025-05-14,Friday,4,4,2025-04-25,9,19,27,2025-06-10
cus926,14,Sunday,4,6,2025-04-20,Thursday,3,3,2025-03-13,4,38,35,2025-05-25
cus927,61,Monday,3,0,2025-03-03,Thursday,2,3,2025-02-06,4,25,29,2025-04-01
cus928,89,Monday,3,0,2025-03-24,Monday,2,0,2025-02-03,3,49,40,2025-05-03
cus929,6,Wednesday,3,2,2025-03-19,Saturday,2,5,2025-02-15,2,32,32,2025-04-20
cus930,34,Friday,4,4,2025-04-11,Saturday,3,5,2025-03-22,1,20,28,2025-05-09
cus931,84,Thursday,4,3,2025-04-24,Thursday,3,3,2025-03-06,4,49,39,2025-06-02
cus932,43,Thursday,3,3,2025-03-13,Monday,1,0,2025-01-20,1,52,53,2025-05-05
cus933,7,Wednesday,5,2,2025-05-14,Thursday,4,3,2025-04-10,2,34,34,2025-06-17
cus934,7,Wednesday,5,2,2025-05-07,Thursday,4,3,2025-04-17,9,20,21,2025-05-28
cus935,36,Sunday,4,6,2025-04-20,Sunday,4,6,2025-04-13,1,7,11,2025-05-01
cus936,46,Saturday,4,5,2025-04-19,Friday,3,4,2025-03-07,5,43,33,2025-05-22
cus937,71,Saturday,4,5,2025-04-19,Wednesday,3,2,2025-03-12,8,38,29,2025-05-18
cus938,81,Wednesday,1,2,2025-01-08,Tuesday,11,1,2024-11-19,1,50,50,2025-02-27
cus939,7,Friday,3,4,2025-03-14,Friday,1,4,2025-01-24,8,49,51,2025-05-04
cus940,63,Sunday,1,6,2025-01-19,Tuesday,1,1,2025-01-07,8,12,12,2025-01-31
cus941,94,Wednesday,5,2,2025-05-28,Sunday,3,6,2025-03-30,10,59,59,2025-07-26
cus942,88,Monday,3,0,2025-03-17,Saturday,3,5,2025-03-08,2,9,13,2025-03-30
cus943,71,Monday,1,0,2025-01-13,Friday,12,4,2024-12-06,9,38,34,2025-02-16
cus944,23,Thursday,3,3,2025-03-20,Wednesday,2,2,2025-02-12,9,36,33,2025-04-22
cus945,98,Monday,4,0,2025-04-28,Wednesday,4,2,2025-04-02,5,26,24,2025-05-22
cus946,98,Wednesday,5,2,2025-05-07,Saturday,4,5,2025-04-05,3,32,29,2025-06-05
cus947,79,Monday,5,0,2025-05-12,Sunday,4,6,2025-04-27,8,15,21,2025-06-02
cus948,29,Wednesday,1,2,2025-01-08,Friday,12,4,2024-12-20,2,19,30,2025-02-07
cus949,61,Wednesday,5,2,2025-05-14,Monday,3,0,2025-03-24,2,51,52,2025-07-05
cus950,10,Monday,5,0,2025-05-26,Tuesday,4,1,2025-04-29,8,27,27,2025-06-22
cus951,96,Thursday,5,3,2025-05-08,Sunday,4,6,2025-04-06,5,32,32,2025-06-09
cus952,73,Friday,3,4,2025-03-07,Monday,1,0,2025-01-20,5,46,49,2025-04-25
cus953,66,Saturday,3,5,2025-03-01,Friday,1,4,2025-01-24,6,36,42,2025-04-12
cus954,68,Monday,3,0,2025-03-24,Saturday,2,5,2025-02-15,10,37,33,2025-04-26
cus955,85,Friday,2,4,2025-02-28,Friday,1,4,2025-01-31,7,28,25,2025-03-25
cus956,15,Thursday,3,3,2025-03-13,Monday,1,0,2025-01-13,3,59,59,2025-05-11
cus957,77,Thursday,1,3,2025-01-09,Wednesday,12,2,2024-12-11,9,29,31,2025-02-09
cus958,15,Friday,5,4,2025-05-02,Monday,4,0,2025-04-07,3,25,26,2025-05-28
cus959,18,Sunday,1,6,2025-01-19,Tuesday,1,1,2025-01-07,5,12,11,2025-01-30
cus960,39,Saturday,3,5,2025-03-15,Monday,1,0,2025-01-20,9,54,44,2025-04-28
cus961,29,Wednesday,1,2,2025-01-08,Sunday,11,6,2024-11-17,6,52,50,2025-02-27
cus962,18,Friday,3,4,2025-03-28,Tuesday,2,1,2025-02-18,7,38,35,2025-05-02
cus963,7,Monday,4,0,2025-04-21,Sunday,3,6,2025-03-09,5,43,34,2025-05-25
cus964,79,Tuesday,5,1,2025-05-20,Sunday,3,6,2025-03-23,3,58,54,2025-07-13
cus965,69,Wednesday,2,2,2025-02-19,Tuesday,1,1,2025-01-14,10,36,36,2025-03-27
cus966,68,Thursday,3,3,2025-03-13,Tuesday,1,1,2025-01-28,2,44,47,2025-04-29
cus967,21,Wednesday,5,2,2025-05-14,Friday,4,4,2025-04-18,2,26,27,2025-06-10
cus968,43,Saturday,2,5,2025-02-01,Wednesday,1,2,2025-01-01,7,31,34,2025-03-07
cus969,60,Wednesday,5,2,2025-05-28,Wednesday,4,2,2025-04-09,5,49,38,2025-07-05
cus970,60,Monday,3,0,2025-03-24,Tuesday,3,1,2025-03-04,2,20,17,2025-04-10
cus971,12,Monday,3,0,2025-03-17,Friday,1,4,2025-01-24,2,52,51,2025-05-07
cus972,95,Wednesday,1,2,2025-01-01,Saturday,12,5,2024-12-21,10,11,15,2025-01-16
cus973,18,Tuesday,3,1,2025-03-04,Thursday,1,3,2025-01-23,3,40,44,2025-04-17
cus974,73,Sunday,2,6,2025-02-09,Sunday,12,6,2024-12-29,3,42,50,2025-03-31
cus975,64,Thursday,5,3,2025-05-15,Thursday,4,3,2025-04-17,1,28,24,2025-06-08
cus976,66,Tuesday,2,1,2025-02-11,Monday,12,0,2024-12-16,10,57,55,2025-04-07
cus977,25,Friday,1,4,2025-01-03,Wednesday,12,2,2024-12-04,7,30,30,2025-02-02
cus978,47,Monday,2,0,2025-02-24,Thursday,1,3,2025-01-23,1,32,33,2025-03-29
cus979,82,Sunday,3,6,2025-03-23,Friday,1,4,2025-01-31,8,51,38,2025-04-30
cus980,34,Saturday,3,5,2025-03-01,Friday,2,4,2025-02-07,1,22,26,2025-03-27
cus981,61,Saturday,1,5,2025-01-11,Friday,11,4,2024-11-22,8,50,48,2025-02-28
cus982,65,Monday,5,0,2025-05-05,Thursday,4,3,2025-04-10,3,25,28,2025-06-02
cus983,21,Saturday,4,5,2025-04-05,Thursday,3,3,2025-03-13,10,23,24,2025-04-29
cus984,8,Wednesday,1,2,2025-01-01,Wednesday,12,2,2024-12-04,5,28,26,2025-01-27
cus985,71,Monday,5,0,2025-05-19,Tuesday,4,1,2025-04-15,3,34,33,2025-06-21
cus986,40,Sunday,2,6,2025-02-09,Friday,12,4,2024-12-20,1,51,41,2025-03-22
cus987,28,Saturday,3,5,2025-03-08,Sunday,1,6,2025-01-12,8,55,50,2025-04-27
cus988,90,Sunday,3,6,2025-03-23,Thursday,3,3,2025-03-13,6,10,13,2025-04-05
cus989,55,Tuesday,3,1,2025-03-11,Wednesday,2,2,2025-02-26,2,13,25,2025-04-05
cus990,45,Saturday,4,5,2025-04-19,Saturday,3,5,2025-03-08,3,42,29,2025-05-18
cus991,100,Saturday,4,5,2025-04-26,Friday,4,4,2025-04-04,1,22,24,2025-05-20
cus992,52,Tuesday,4,1,2025-04-08,Friday,3,4,2025-03-07,2,32,30,2025-05-08
cus993,42,Sunday,1,6,2025-01-12,Saturday,12,5,2024-12-14,3,29,28,2025-02-09
cus994,98,Monday,2,0,2025-02-10,Saturday,1,5,2025-01-04,1,37,36,2025-03-18
cus995,6,Wednesday,1,2,2025-01-01,Monday,12,0,2024-12-16,6,16,20,2025-01-21
cus996,42,Sunday,5,6,2025-05-11,Thursday,5,3,2025-05-01,2,10,9,2025-05-20
cus997,67,Wednesday,2,2,2025-02-12,Saturday,1,5,2025-01-04,10,39,39,2025-03-23
cus998,31,Thursday,1,3,2025-01-09,Wednesday,11,2,2024-11-27,9,43,45,2025-02-23
cus999,86,Saturday,5,5,2025-05-03,Friday,3,4,2025-03-14,10,50,42,2025-06-14
cus1000,17,Friday,1,4,2025-01-24,Thursday,11,3,2024-11-28,8,57,54,2025-03-19
